"Tweet ID","Tweet Text","Type","Author Name","Author Username","Creation Time","Reply Count","Retweet Count","Quote Count","Like Count","View Count","Bookmark Count","Language","Possibly Sensitive","Source","Hashtags","Tweet URL","Media Type","Media URLs","External URLs"
"=""1810595364803657762""","In FY 2021/2022, Aden Duale used Ksh 5.8M to pay Bursaries &amp; for an Emergency in Garissa town. However upon verification, receipts to support payment by institutions were nowhere &amp; the emergency was unknown.

Auditor General https://t.co/gxhnaZspeP","Tweet","Don Bull","mainandegwa232","7/9/2024, 11:42:28 AM","40","2011","33","1990","54075","44","en","No","Twitter for Android","","https://x.com/mainandegwa232/status/1810595364803657762","photo","https://pbs.twimg.com/media/GSCG3-7XwAAmgBq.jpg, https://pbs.twimg.com/media/GSCG3-4XEAAnSwJ.jpg, https://pbs.twimg.com/media/GSCG4KdW0AAXUqO.jpg",""
"=""1815763022666772783""","When Hon. Aden Duale was re-appointed Minister for Defence, Somalia Minister for Defence tweeted congratulations immediately! Today, Duale was re-assigned to Ministry of Environment, Somalia Minister for Environment has tweeted congratulations! What does Somalia want with our https://t.co/Pa10Gi2PFb","Tweet","Donald B Kipkorir","DonaldBKipkorir","7/23/2024, 5:56:54 PM","650","1508","88","4742","680087","180","en","No","Twitter for iPad","","https://x.com/DonaldBKipkorir/status/1815763022666772783","photo","https://pbs.twimg.com/media/GTLi1tSXoAAlaNu.jpg, https://pbs.twimg.com/media/GTLi1tPW8AAOaXp.jpg",""
"=""1870918775924834574""","#DaysofRage
The political class never got the Gen-Z message for the protests. Aden Duale says that protesters were under the influence of drugs.
Well. https://t.co/SjpD5B7Ka6","Tweet","mwanainchi wa kawaida","sautadu","12/22/2024, 10:46:10 PM","4","190","4","335","13775","6","en","No","Twitter for Android","#DaysofRage","https://x.com/sautadu/status/1870918775924834574","video","https://video.twimg.com/ext_tw_video/1870918716805779456/pu/vid/avc1/720x1088/2LRDU0q_VmvF5Q5h.mp4?tag=12",""
"=""1814327615634718988""","The KDF had removed Aden Duale’s bio from their website after he was dismissed as CS for Defence. He will go back to Hurlingham knowing he is not admired or respected as he imagined. 

He should always rem his past comments concerning the KDF and their fight against Al Shabaab. https://t.co/6dEA1mHk2x","Tweet","Barry Ipapoh","BarryIpapo","7/19/2024, 6:53:06 PM","8","226","9","270","23816","21","en","No","Twitter Web App","","https://x.com/BarryIpapo/status/1814327615634718988","photo","https://pbs.twimg.com/media/GS3I2QVW0AAUfEk.jpg",""
"=""1815725133207605308""","CONFIRMED: KDF protested the breach of DoD by one ADEN DUALE. The president has acted to quell the grievance by shifting Tuya with DUALE. Kitaumana tu.","Tweet","Мосес джаокоо","JaokooMoses","7/23/2024, 3:26:20 PM","72","2321","32","6142","160184","76","en","No","Twitter Web App","","https://x.com/JaokooMoses/status/1815725133207605308","","",""
"=""1869225939395280972""","Aden Duale is the enemy of our forests https://t.co/DL6S2pOPHs","Tweet","The Villager 254","PatricMwongera","12/18/2024, 6:39:27 AM","1","122","0","199","5564","6","en","No","Twitter for Android","","https://x.com/PatricMwongera/status/1869225939395280972","video","https://video.twimg.com/ext_tw_video/1869225828216602624/pu/vid/avc1/720x1280/mBP5gO-XTaaYbVea.mp4?tag=12",""
"=""1814533967397200094""","Aden Duale hosted a welcome back party in Hotel Paradise and only Somalis were in attendance. Watch👇 https://t.co/leC6DO6LfF","Tweet","The Nairobi Times","TheNairobiTimez","7/20/2024, 8:33:04 AM","262","341","37","2846","475891","92","en","No","Twitter for iPhone","","https://x.com/TheNairobiTimez/status/1814533967397200094","photo","https://pbs.twimg.com/media/GS6FBN8W0AA4FiD.jpg",""
"=""1872203951376101691""","https://t.co/zqFtDQpl5K","Tweet","Hon. Aden Duale, EGH","HonAdenDuale","12/26/2024, 11:53:00 AM","91","60","8","486","55159","25","zxx","No","Twitter for iPhone","","https://x.com/HonAdenDuale/status/1872203951376101691","photo","https://pbs.twimg.com/media/Gftnkdva8AAh_Kr.jpg",""
"=""1811393627844677745""","The criminal Aden Duale who served as the Kenyan Minister of Defence exploited his position to arm the BBS militia using weapons belonged to the Kenyan military against the Republic of #Somaliland in 2023. Today he was FIRED by the Kenyan president. Both Somalian terrorists Aden https://t.co/h6S9dij16h","Tweet","Prof. Checkmate - Mulkiilaha Sool","Checkmatedsl","7/11/2024, 4:34:29 PM","97","61","10","246","70804","17","en","No","Twitter for iPhone","#Somaliland","https://x.com/Checkmatedsl/status/1811393627844677745","photo","https://pbs.twimg.com/media/GSNc5oOWwAAwYex.jpg",""
"=""1872869788361564596""","https://t.co/UzK1h8PU7m","Tweet","Hon. Aden Duale, EGH","HonAdenDuale","12/28/2024, 7:58:48 AM","84","52","3","476","43643","8","zxx","No","Twitter for iPhone","","https://x.com/HonAdenDuale/status/1872869788361564596","photo","https://pbs.twimg.com/media/Gf3FJCAaIAA-xnO.jpg",""
"=""1872510749043753455""","https://t.co/hhH1TOuxmT","Tweet","Hon. Aden Duale, EGH","HonAdenDuale","12/27/2024, 8:12:06 AM","159","44","11","519","50982","7","zxx","No","Twitter for iPhone","","https://x.com/HonAdenDuale/status/1872510749043753455","photo","https://pbs.twimg.com/media/Gfx-mflbYAAru0w.jpg",""
"=""1873279391519916309""","Learning curve https://t.co/hKZSG01dnK","Tweet","Hon. Aden Duale, EGH","HonAdenDuale","12/29/2024, 11:06:25 AM","80","38","6","291","34664","5","en","No","Twitter for iPhone","","https://x.com/HonAdenDuale/status/1873279391519916309","photo","https://pbs.twimg.com/media/Gf85rNBbYAAtyEY.jpg",""
"=""1871147243996418270""","ADEN DUALE. Btw. I can't. You have said ALL these people that infiltrated parliament were on drugs. You can not accept the reality of a Kenyan generation that risked their lives to demand good governance, so you choose to malign them under the God you worship. Be cursed. https://t.co/RANpS1D4b1","Tweet","Tendai","MsMakeri","12/23/2024, 1:54:01 PM","2","7","2","8","1313","2","en","No","Twitter for Android","","https://x.com/MsMakeri/status/1871147243996418270","video","https://video.twimg.com/ext_tw_video/1871147199809081344/pu/vid/avc1/848x478/ApTLSgz9e_8F1fOb.mp4?tag=12",""
"=""1870919854401720823""","CS Aden Duale: The Gen Z withdrew from the protests when they saw their lives were in danger, the team that infiltrated Parliament were people under the influence of drugs #DaysofRage @SamGituku https://t.co/FpefBAoLtg","Quoted tweet","Citizen TV Kenya","citizentvkenya","12/22/2024, 10:50:27 PM","306","142","132","768","200867","90","en","No","Twitter Media Studio - LiveCut","#DaysofRage","https://x.com/citizentvkenya/status/1870919854401720823","video","https://video.twimg.com/amplify_video/1870919740870348800/vid/avc1/1920x1080/BK1mRa-gZKSEdtii.mp4?tag=16",""
"=""1873392486208651775""","https://t.co/l6kOTLIutj","Tweet","Hon. Aden Duale, EGH","HonAdenDuale","12/29/2024, 6:35:49 PM","158","41","11","227","42046","5","zxx","No","Twitter for iPhone","","https://x.com/HonAdenDuale/status/1873392486208651775","photo","https://pbs.twimg.com/media/Gf-giX3aUAETQiJ.jpg",""
"=""1872510248881365436""","https://t.co/phySn7szJY","Tweet","Hon. Aden Duale, EGH","HonAdenDuale","12/27/2024, 8:10:07 AM","71","47","4","349","51813","8","zxx","No","Twitter for iPhone","","https://x.com/HonAdenDuale/status/1872510248881365436","photo","https://pbs.twimg.com/media/Gfx-JUKbMAAwuP-.jpg",""
"=""1873212160714965235""","https://t.co/Ehnyv0kww4","Tweet","Hon. Aden Duale, EGH","HonAdenDuale","12/29/2024, 6:39:16 AM","57","36","1","220","28374","7","zxx","No","Twitter for iPhone","","https://x.com/HonAdenDuale/status/1873212160714965235","photo","https://pbs.twimg.com/media/Gf78h8PaYAAAk_3.jpg",""
"=""1822946142918676511""","Exchange of Powers:
CS Aden Duale hands over Ministry of Defence to CS Soipan Tuya. Duale officially takes over as Environment CS. The two CS have had a very close working relationship while they served in both Defence and Environment Ministries respectively!

 The relationship https://t.co/3Nv3iOrRS7","Tweet","Chris Sambu","the_sambu","8/12/2024, 1:40:03 PM","4","4","0","29","6332","0","en","No","Twitter for Android","","https://x.com/the_sambu/status/1822946142918676511","photo","https://pbs.twimg.com/media/GUxn2BxWsAAYIqI.jpg, https://pbs.twimg.com/media/GUxn2E-WAAE932C.jpg",""
"=""1869233205167177983""","Aden Duale pretending not to know the cutting of trees to build golf and restaurant. https://t.co/omU5deHNp5","Tweet","Yoko","Kibet_bull","12/18/2024, 7:08:19 AM","39","1729","14","5847","84977","34","en","No","Twitter for Android","","https://x.com/Kibet_bull/status/1869233205167177983","photo","https://pbs.twimg.com/media/GfDZsVFa0AAeVZs.jpg",""
"=""1811144354310017202""","Bir duamin kabul olmasını istediğim zamanlarda ismi azam okuyorum ve peşine Cünettül Esma duasını okuyorum ve her defasında rabbim duama icabet ediyor .. inanarak okuyun ve dua edin rabbim dualarınızı kabul etsin https://t.co/7C808bCvaj","Tweet","Duahanem","DuaHanesi","7/11/2024, 12:03:58 AM","33","422","5","7666","531724","10101","tr","No","Twitter for Android","","https://x.com/DuaHanesi/status/1811144354310017202","photo","https://pbs.twimg.com/media/GSJ6LYnW8AAvp-H.jpg, https://pbs.twimg.com/media/GSJ6MRbWQAEqjPZ.jpg",""
"=""1871496731445133368""","In a remarkable step towards environmental restoration, First Lady @MamaRachelRuto adopted 200 hectares of Kakamega Forest in 2023 under the government's 10 Billion Trees by 2032 campaign. 

In collaboration with the Kenya Forest Service, a year later, the initiative has yielded https://t.co/h1EWLhtZbA","Tweet","Hon. Aden Duale, EGH","HonAdenDuale","12/24/2024, 1:02:46 PM","159","33","5","212","31334","7","en","No","Twitter for iPhone","","https://x.com/HonAdenDuale/status/1871496731445133368","photo","https://pbs.twimg.com/media/GfjkFDHXYAAnwds.jpg, https://pbs.twimg.com/media/GfjkFDHWsAAn8Fr.jpg, https://pbs.twimg.com/media/GfjkFDIXYAAVG2x.jpg, https://pbs.twimg.com/amplify_video_thumb/1871496420613558272/img/SIb-TiiKL2iohOZB.jpg",""
"=""1871765694523855022""","https://t.co/Zyf8GrYknu","Tweet","Hon. Aden Duale, EGH","HonAdenDuale","12/25/2024, 6:51:31 AM","60","45","3","323","37632","5","zxx","No","Twitter for iPhone","","https://x.com/HonAdenDuale/status/1871765694523855022","photo","https://pbs.twimg.com/media/GfnY-hYa8AEVWle.jpg",""
"=""1872203773717914023""","https://t.co/VioxwSvNg6","Tweet","Hon. Aden Duale, EGH","HonAdenDuale","12/26/2024, 11:52:18 AM","38","58","3","404","38508","31","zxx","No","Twitter for iPhone","","https://x.com/HonAdenDuale/status/1872203773717914023","photo","https://pbs.twimg.com/media/GftnaIqa8AAoszZ.jpg",""
"=""1871491274114736381""","https://t.co/4dxZOrKpAI","Tweet","Hon. Aden Duale, EGH","HonAdenDuale","12/24/2024, 12:41:05 PM","105","37","8","151","31921","9","zxx","No","Twitter for iPhone","","https://x.com/HonAdenDuale/status/1871491274114736381","photo","https://pbs.twimg.com/media/GfjfXarXgAANDTY.jpg",""
"=""1872870111436275916""","Alhamdullilah https://t.co/pqOaJt4RCu","Tweet","Hon. Aden Duale, EGH","HonAdenDuale","12/28/2024, 8:00:05 AM","37","21","0","274","16497","3","in","No","Twitter for iPhone","","https://x.com/HonAdenDuale/status/1872870111436275916","photo","https://pbs.twimg.com/media/Gf3Fb4WbwAAcR7W.jpg",""
"=""1808594247567692008""","I have never seen a Muslim that LIES like Aden Duale. Waaah this guy is really lying at #JKLIVE https://t.co/1RWCvtXGst","Tweet","The Government Critic 🇰🇪","magwaz3","7/3/2024, 11:10:45 PM","96","158","10","495","22380","2","en","No","Twitter for Android","#JKLIVE","https://x.com/magwaz3/status/1808594247567692008","photo","https://pbs.twimg.com/media/GRlq4bIXoAAVCTp.jpg",""
"=""1850503585655627810""","Does this now confirm that Aden Duale was filling Somalia immigrants in Eastleigh? Or what was the use of the Somalian flag here? https://t.co/JkYNgWj5wv","Tweet","The Government Critic 🇰🇪","magwaz3","10/27/2024, 2:43:30 PM","55","124","10","334","23864","8","en","No","Twitter for Android","","https://x.com/magwaz3/status/1850503585655627810","video","https://video.twimg.com/ext_tw_video/1850503544064937984/pu/vid/avc1/576x724/b8alWb6-qdOemjTT.mp4?tag=12",""
"=""1815784343610028156""","From what I understand, Military Intelligence did not mince their words in a briefing to the CIC. Aden Duale was not going to make a return as CS of Defense. As it stands, KDF personnel are with the People of the Republic of Kenya during this Revolution.","Tweet","TL Elder","mwabilimwagodi","7/23/2024, 7:21:37 PM","18","1231","6","2566","33185","22","en","No","Twitter for Android","","https://x.com/mwabilimwagodi/status/1815784343610028156","","",""
"=""1873378618581389787""","Innalilahi waina ilahim raajuun , https://t.co/tH4BbXlwU1","Tweet","Hon. Aden Duale, EGH","HonAdenDuale","12/29/2024, 5:40:43 PM","67","26","6","431","95502","13","hi","No","Twitter for iPhone","","https://x.com/HonAdenDuale/status/1873378618581389787","photo","https://pbs.twimg.com/media/Gf-T7FIaMAAOK8p.jpg",""
"=""1872865068607783354""","https://t.co/OuKu2mxfR1","Tweet","Hon. Aden Duale, EGH","HonAdenDuale","12/28/2024, 7:40:03 AM","46","19","1","158","16944","6","zxx","No","Twitter for iPhone","","https://x.com/HonAdenDuale/status/1872865068607783354","photo","https://pbs.twimg.com/media/Gf3A2gSawAIOELj.jpg",""
"=""1819288426576740354""","What is irony?

Nominating Aden Duale, someone who grew up in a desert to be incharge of forests....we joke so much as a country

#NaneNaneMarch https://t.co/Lq72wwsKDU","Tweet","The Government Critic 🇰🇪","magwaz3","8/2/2024, 11:25:36 AM","48","143","3","311","8919","2","en","No","Twitter for Android","#NaneNaneMarch","https://x.com/magwaz3/status/1819288426576740354","photo","https://pbs.twimg.com/media/GT9pLrWXcAA_Qib.jpg",""
"=""1814359202619425217""","Explained: ADEN Duale Re-appointed as CS Defence

Among those dissolved as CS was Aden Duale of Defence. Today’s announcement of 11-member cabinet ,Pres Ruto re-appointed Duale back to the Ministry of defence.

THREAD🧵","Tweet","Chris Sambu","the_sambu","7/19/2024, 8:58:37 PM","231","601","148","3114","513892","471","en","No","Twitter Web App","","https://x.com/the_sambu/status/1814359202619425217","","",""
"=""1873212997012996225""","https://t.co/oHhYb3srTE","Tweet","Hon. Aden Duale, EGH","HonAdenDuale","12/29/2024, 6:42:35 AM","23","6","2","55","15062","4","zxx","No","Twitter for iPhone","","https://x.com/HonAdenDuale/status/1873212997012996225","video","https://video.twimg.com/ext_tw_video/1873212986384592897/pu/vid/avc1/576x1024/4ouc3DpJlu_y_XKH.mp4?tag=12",""
"=""1872954522928369726""","Why do Somali Mps have a dictatorial mindset?

Junet Mohamed is busy supporting abductions 

Farah maalim said he'd kill 100s of Gen Zs 

Aden duale wanted to throw KDF on Gen Zs and supported killings 

👀 https://t.co/W0Ev8AsdCu","Tweet","Sholla Ard 🇰🇪","sholard_mancity","12/28/2024, 1:35:30 PM","221","427","28","1165","38505","17","en","No","Twitter for Android","","https://x.com/sholard_mancity/status/1872954522928369726","photo","https://pbs.twimg.com/media/Gf4SNgDXoAAX5oQ.jpg, https://pbs.twimg.com/media/Gf4SNmmWwAAJ4Ud.jpg, https://pbs.twimg.com/media/Gf4SNmdWEAA8Ja6.jpg",""
"=""1821474737073098988""","Swearing-in Ceremony at State House, Nairobi. https://t.co/IRd7CSdYaT","Tweet","Hon. Aden Duale, EGH","HonAdenDuale","8/8/2024, 12:13:13 PM","122","116","15","1038","106773","12","en","No","Twitter for iPhone","","https://x.com/HonAdenDuale/status/1821474737073098988","video","https://video.twimg.com/amplify_video/1821473418513924098/vid/avc1/1280x720/gBZCk33Hqu6HXeEr.mp4?tag=16",""
"=""1868969418992025697""","Karura Forest has been grabbed.

Evening has come,the wind has blown and the anus of Aden Duale has been exposed.

When we asked Duale about the harvesting of trees in Karura,

He said that it was small small environmental conservation whatever.

Now it happens that someone is","Tweet","I am Chege","_James041","12/17/2024, 1:40:07 PM","127","1260","20","3194","132066","94","en","No","Twitter for Android","","https://x.com/_James041/status/1868969418992025697","","",""
"=""1854967328464650560""","Pan Africanist per Excellence. Next AUC inshallah https://t.co/PYwCwLnxcu","Tweet","Hon. Aden Duale, EGH","HonAdenDuale","11/8/2024, 10:20:49 PM","574","360","50","3590","278751","27","en","No","Twitter for iPhone","","https://x.com/HonAdenDuale/status/1854967328464650560","photo","https://pbs.twimg.com/media/Gb4q8x3WkAAEhhe.jpg",""
"=""1819319179666686387""","Are Kenyans aware that Aden Duale was once exposed in parliament for being Alshabaab? it's not surprising for him to say Alshabab is less dangerous. 🚨 Orengo https://t.co/tlgBTSu0vt","Tweet","Sholla Ard 🇰🇪","sholard_mancity","8/2/2024, 1:27:48 PM","2","118","2","202","10392","23","en","No","Twitter Web App","","https://x.com/sholard_mancity/status/1819319179666686387","video","https://video.twimg.com/ext_tw_video/1819318012303798273/pu/vid/avc1/960x720/DiKOUxJ7NjChU47O.mp4?tag=12",""
"=""1873574149056336380""","Politics has only two choices according to Reagan https://t.co/unlPQLeYIt","Tweet","Hon. Aden Duale, EGH","HonAdenDuale","12/30/2024, 6:37:41 AM","124","52","12","303","41998","9","en","No","Twitter for iPhone","","https://x.com/HonAdenDuale/status/1873574149056336380","photo","https://pbs.twimg.com/media/GgBFwcqbcAAJgns.jpg",""
"=""1811387811578118334""","Aden Duale dismissed as the CS for Defence. #K24Updates https://t.co/9GNIKCozAx","Tweet","K24 TV","K24Tv","7/11/2024, 4:11:22 PM","202","255","17","1623","50987","10","en","No","Hootsuite Inc.","#K24Updates","https://x.com/K24Tv/status/1811387811578118334","photo","https://pbs.twimg.com/media/GSNXnZ4XAAAQZiA.jpg",""
"=""1841071238862533019""","Environment CS Aden Duale before Parliament’s Defence and Foreign Relations committee probing BATUK activities in Kenya https://t.co/fyusfllQbO","Tweet","Cyprian, Is Nyakundi","C_NyaKundiH","10/1/2024, 2:02:43 PM","10","54","1","320","47160","13","en","No","Twitter for iPhone","","https://x.com/C_NyaKundiH/status/1841071238862533019","video","https://video.twimg.com/amplify_video/1841070266937462787/vid/avc1/1280x720/Vzrk76qmfNKEojp2.mp4?tag=16",""
"=""1871242015582666887""","https://t.co/cT2GA6XJXV","Tweet","Hon. Aden Duale, EGH","HonAdenDuale","12/23/2024, 8:10:37 PM","42","34","2","255","19722","5","zxx","No","Twitter for iPhone","","https://x.com/HonAdenDuale/status/1871242015582666887","photo","https://pbs.twimg.com/media/Gff8sMxWMAAw4BR.jpg",""
"=""1870880023223435467""","https://t.co/UigVNibGi8","Tweet","Hon. Aden Duale, EGH","HonAdenDuale","12/22/2024, 8:12:11 PM","30","31","1","181","21049","10","zxx","No","Twitter for iPhone","","https://x.com/HonAdenDuale/status/1870880023223435467","photo","https://pbs.twimg.com/media/GfazdiAXIAA9Uky.jpg",""
"=""1870540655795048789""","https://t.co/fkVv2p8drL","Tweet","Hon. Aden Duale, EGH","HonAdenDuale","12/21/2024, 9:43:39 PM","23","16","3","94","21030","0","zxx","No","Twitter for iPhone","","https://x.com/HonAdenDuale/status/1870540655795048789","photo","https://pbs.twimg.com/media/GfV-zl3WAAA3paw.jpg",""
"=""1819299144600629277""","Aden Duale: Corruption is more of a threat to our security and existence than Alshabaab https://t.co/CGVrFsaP95","Tweet","NTV Kenya","ntvkenya","8/2/2024, 12:08:11 PM","164","114","34","527","57709","14","en","No","Twitter Media Studio - LiveCut","","https://x.com/ntvkenya/status/1819299144600629277","video","https://video.twimg.com/amplify_video/1819298372353769472/vid/avc1/1280x720/nHCHf5MjRMHJZ_ed.mp4?tag=16",""
"=""1871234659989831791""","Dear Kenyans , let’s plant trees during this holiday festive season. https://t.co/ZTYfk14hHX","Tweet","Hon. Aden Duale, EGH","HonAdenDuale","12/23/2024, 7:41:23 PM","144","19","7","136","19560","3","en","No","Twitter for iPhone","","https://x.com/HonAdenDuale/status/1871234659989831791","video","https://video.twimg.com/ext_tw_video/1871234612925521921/pu/vid/avc1/848x478/f_yDKzTM-O1ojrmi.mp4?tag=12",""
"=""1814513866686038321""","Kumbe it's true they were holding a celebratory party last night for the return of Duale. We don't have a country here 

https://t.co/qVgzOjU3eu","Tweet","𝐉𝐮𝐝𝐝𝐚𝐡™","iamjuddah","7/20/2024, 7:13:12 AM","308","1926","126","3655","336337","230","en","No","Twitter for Android","","https://x.com/iamjuddah/status/1814513866686038321","video","https://video.twimg.com/ext_tw_video/1814423968666824705/pu/vid/avc1/576x1024/22IsEJ8MGJC4mgF3.mp4?tag=12",""
"=""1815641865531560199""","Haha KDF are also protesting the reappointment of Aden Duale as CS. Hahahhaaaaaa.","Tweet","TL Elder","mwabilimwagodi","7/23/2024, 9:55:28 AM","4","918","3","1946","25155","4","en","No","Twitter for Android","","https://x.com/mwabilimwagodi/status/1815641865531560199","","",""
"=""1815638074224755102""","Government deploys KDF at JKIA in a bid to stop #OccupyJKIA peaceful protests.","Quoted tweet","Cyprian, Is Nyakundi","C_NyaKundiH","7/23/2024, 9:40:24 AM","232","2976","39","8377","328629","47","en","No","Twitter for iPhone","#OccupyJKIA","https://x.com/C_NyaKundiH/status/1815638074224755102","","",""
"=""1814294507724161353""","Reappointing Aden Duale and Kithure Kindiki back to cabinet is an insult to Kenyans and people who died because of police brutality, it's an insult to REX, DENZEL and 50 others. We will fight this with our lives.","Tweet","Oduk","_oduk","7/19/2024, 4:41:33 PM","18","973","7","1317","15920","6","en","No","Twitter Web App","","https://x.com/_oduk/status/1814294507724161353","","",""
"=""1811405163115995305""","Former CS Aden Duale reacts after the Cabinet dismissal https://t.co/TX4CbYabyI","Tweet","Kenyans.co.ke","Kenyans","7/11/2024, 5:20:19 PM","511","324","36","3370","144879","18","en","No","TweetDeck Web App","","https://x.com/Kenyans/status/1811405163115995305","photo","https://pbs.twimg.com/media/GSNm3ufWAAA1ejm.jpg",""
"=""1812801768817852869""","The sovereignty of our beloved nation is our most valuable shared asset. We will not permit orchestrated acts of violence to disturb the peace we've upheld since the birth of the white in our national flag. 

To those instigating anarchy from the shadows, we know you and we are https://t.co/RlMnA7pnqn","Tweet","Hon. Aden Duale, EGH","HonAdenDuale","7/15/2024, 1:49:56 PM","3215","516","212","3057","583433","122","en","No","Twitter for Android","","https://x.com/HonAdenDuale/status/1812801768817852869","video","https://video.twimg.com/ext_tw_video/1812801629680271360/pu/vid/avc1/848x480/O8p_DbYoPqzBndRx.mp4?tag=12",""
"=""1872941002920800504""","President William Ruto assigns Musalia Mudavadi, Aden Duale and Salim Mvurya as acting Cabinet Secretaries to ICT, Agriculture and Trade ministries respectively, pending the vetting of nominees. https://t.co/MV4NRAWm5x","Tweet","Cyprian, Is Nyakundi","C_NyaKundiH","12/28/2024, 12:41:47 PM","63","85","5","420","78031","14","en","No","Twitter Web App","","https://x.com/C_NyaKundiH/status/1872941002920800504","photo","https://pbs.twimg.com/media/Gf4FxlcXUAABOT6.png",""
"=""1871192529124970734""",""" You cannot call Gen Zs  addicts"" Dhimbill lectures CS Aden Duale for saying Gen Zs are drunkards! https://t.co/C7ubLipEaK","Tweet","The Kenyan Vigilante","KenyanSays","12/23/2024, 4:53:58 PM","5","452","6","1081","20754","42","en","No","Twitter for Android","","https://x.com/KenyanSays/status/1871192529124970734","video","https://video.twimg.com/ext_tw_video/1871192465895485440/pu/vid/avc1/576x1024/tKdcjAgsywgn5rhP.mp4?tag=12",""
"=""1872943613052965158""","President Ruto appoints Aden Duale as Acting CS for Agriculture and Livestock Development https://t.co/6q0oxPjzK1","Tweet","Kenyans.co.ke","Kenyans","12/28/2024, 12:52:09 PM","158","153","21","1631","63994","12","en","No","Twitter Web App","","https://x.com/Kenyans/status/1872943613052965158","photo","https://pbs.twimg.com/media/Gf4IRoAXAAA3goc.jpg",""
"=""1865797719148909026""","CS Aden Duale: ""Please pray for me...to serve with integrity because I am just a human being."" https://t.co/CgV5FzDeEQ","Tweet","Kulan Post","kulanpost","12/8/2024, 7:36:55 PM","5","8","0","23","2606","1","en","No","Twitter for Android","","https://x.com/kulanpost/status/1865797719148909026","video","https://video.twimg.com/ext_tw_video/1865797578807234560/pu/vid/avc1/1280x720/mnswZXTUrhL8re3t.mp4?tag=12",""
"=""1814305038723907676""","Exclusively , i'll explain and reveal why the decision by William Ruto to re-appoint Aden Duale as CS defence despite the Kenyans push to appoint a new CS.","Tweet","Chris Sambu","the_sambu","7/19/2024, 5:23:24 PM","107","1183","34","3898","277646","203","en","No","Twitter Web App","","https://x.com/the_sambu/status/1814305038723907676","","",""
"=""1808580002193232137""","""You cannot do a regime change through Twitter space."" - Aden Duale https://t.co/cnOXjWC8ZI","Tweet","Alinur Mohamed","AlinurMohamed_","7/3/2024, 10:14:08 PM","308","276","35","1556","143969","40","en","No","Twitter for Android","","https://x.com/AlinurMohamed_/status/1808580002193232137","video","https://video.twimg.com/ext_tw_video/1808579823624691712/pu/vid/avc1/1280x720/9Bws4DJCKbf6-PDi.mp4?tag=12",""
"=""1812995257187115358""","Surah Ad Duha is the medicine of anxiety‚ depression and sadness https://t.co/n45kId021F","Tweet","•","Al__Quraan","7/16/2024, 2:38:47 AM","42","4557","35","18589","722444","1619","en","No","Twitter for Android","","https://x.com/Al__Quraan/status/1812995257187115358","photo","https://pbs.twimg.com/media/GSkNkpLbIAQ9ieC.jpg",""
"=""1815731500874084478""","Duale was responsible for the Battle of El Adde. Hakuna msee wa military anamdai at all.

#RutoMustGo","Tweet","Kimuzi","Kimuzi_","7/23/2024, 3:51:39 PM","131","3724","23","9154","163975","90","en","No","Twitter for Android","#RutoMustGo","https://x.com/Kimuzi_/status/1815731500874084478","","",""
"=""1811645913711923242""","Now that Duale is out, Aden Duale's brother literally took over someone's house that he was renting and made it his... Police were deployed (maybe on request of Duale) to chase away even the owners. These people showed us things. Khabusie!","Tweet","Juma G 🇰🇪","jumaf3","7/12/2024, 9:16:59 AM","37","2335","21","4899","98853","41","en","No","Twitter for Android","","https://x.com/jumaf3/status/1811645913711923242","","",""
"=""1870534554454479355""","https://t.co/D6ox4RSJTs","Tweet","Hon. Aden Duale, EGH","HonAdenDuale","12/21/2024, 9:19:25 PM","251","105","20","1034","99549","26","zxx","No","Twitter for iPhone","","https://x.com/HonAdenDuale/status/1870534554454479355","photo","https://pbs.twimg.com/media/GfV5QgmX0AAwFIS.jpg",""
"=""1870354886555992339""","Happy birthday, President @WilliamsRuto, as you continue to guide us toward a future filled with hope and opportunity. https://t.co/AS2HljkDpA","Tweet","Hon. Aden Duale, EGH","HonAdenDuale","12/21/2024, 9:25:29 AM","181","105","13","1331","86454","3","en","No","Twitter for iPhone","","https://x.com/HonAdenDuale/status/1870354886555992339","photo","https://pbs.twimg.com/media/GfTV15oXwAAXmtL.jpg, https://pbs.twimg.com/media/GfTV15oWQAAiS53.jpg",""
"=""1814324891614576949""","Wacha tutoe uyu msee once an for all. Aden Duale is a big idiot.

#RutoMustGo","Tweet","Kimuzi","Kimuzi_","7/19/2024, 6:42:17 PM","154","2792","12","5360","71069","8","en","No","Twitter for Android","#RutoMustGo","https://x.com/Kimuzi_/status/1814324891614576949","","",""
"=""1870371626300104781""","The national livestock vaccination campaign will directly and significantly help pastoralist communities, whose livelihoods are deeply dependent on animals and animal products. 

By safeguarding the health of their herds, this initiative will unlock access to lucrative https://t.co/4rIjjsqUa4","Tweet","Hon. Aden Duale, EGH","HonAdenDuale","12/21/2024, 10:32:00 AM","124","17","6","123","28447","1","en","No","Twitter for iPhone","","https://x.com/HonAdenDuale/status/1870371626300104781","video","https://video.twimg.com/amplify_video/1870369587239227392/vid/avc1/1280x720/L7x21uQp1l9Y7GgU.mp4?tag=16",""
"=""1811480991933911541""","Aden Duale even after sending KDF soldiers to protect statehouse https://t.co/Fnunk74MwO","Tweet","MARTO 🇰🇪","marto254_","7/11/2024, 10:21:38 PM","7","34","1","209","2748","1","en","No","Twitter for Android","","https://x.com/marto254_/status/1811480991933911541","photo","https://pbs.twimg.com/media/GSOsXJRa8AAPqzR.jpg",""
"=""1857113596846538812""","I’m Duhan from Turkey and this is my art. https://t.co/P8kv3MwBVo","Tweet","duhan bombadil","_edemaruh","11/14/2024, 8:29:19 PM","12","16","63","2091","544418","105","en","No","Twitter for iPhone","","https://x.com/_edemaruh/status/1857113596846538812","photo","https://pbs.twimg.com/media/GcXK-NMXkAA5zn6.jpg, https://pbs.twimg.com/media/GcXK-NNWkAAexzp.jpg",""
"=""1856729329205400054""","I’m Anya from Ukraine and this is my art https://t.co/E4ROplpyWk","Quoted tweet","Anya","searchsignal","11/13/2024, 7:02:23 PM","20","38","28","971","145595","117","en","No","Twitter for iPad","","https://x.com/searchsignal/status/1856729329205400054","photo","https://pbs.twimg.com/media/GcRteH9WgAAl7ym.jpg, https://pbs.twimg.com/media/GcRteIDXEAEPpDS.jpg",""
"=""1811098408826064915""","I have no advisers  to submit  as the men and women at the helm of Defense headquaters leadership  have the required Training , knowledge and experiance to give me strategic advice and guidance to steer the Ministry . https://t.co/laUaPDX45J","Tweet","Hon. Aden Duale, EGH","HonAdenDuale","7/10/2024, 9:01:23 PM","976","247","169","1794","343067","79","en","No","Twitter for iPhone","","https://x.com/HonAdenDuale/status/1811098408826064915","photo","https://pbs.twimg.com/media/GSJQZiRWMAEPfmd.jpg",""
"=""1856637638251254220""","The comment by Environment 
CS Aden Duale has been blown out of proportion.What he meant is that Kenyans living in the informal settlements have mastered the art of recycling &amp; re-using waste materials creatively.The govt encourages the middle class and all Kenyans to do the same https://t.co/RGLvRX6v7k","Tweet","Spokesperson GoK","SpokespersonGoK","11/13/2024, 12:58:02 PM","470","46","99","333","145723","13","en","No","Twitter for Android","","https://x.com/SpokespersonGoK/status/1856637638251254220","photo","https://pbs.twimg.com/media/GcQaFSOXkAATuKx.jpg",""
"=""1870910291820826910""","The people who invaded Parliament were under the influence of drugs. They were intoxicated. They were not Gen Zs - Aden Duale #DaysOfRage https://t.co/7Ti0ytJOAp","Tweet","Ken Aseka","KenAseka","12/22/2024, 10:12:28 PM","22","20","5","61","10177","1","en","No","Twitter for Android","#DaysOfRage","https://x.com/KenAseka/status/1870910291820826910","photo","https://pbs.twimg.com/media/GfbO_Q5XIAAvSFE.jpg",""
"=""1808587951229591959""","Aden Duale, speaking on Citizen TV, stated, ""You cannot do a regime change through Twitter space."" These sentiments echo those of David Ndii, who referred to us as ""Digital Wankers,"" which only served to escalate the demonstrations.

Dear Mr. Duale, do not underestimate the youth","Tweet","EDGAR 🇰🇪","edgarwabwire_","7/3/2024, 10:45:44 PM","93","1152","17","2900","81239","26","en","No","Twitter Web App","","https://x.com/edgarwabwire_/status/1808587951229591959","","",""
"=""1866507396115206165""","I'm not against the vaccination of these cows:
Wicked Ruto.
Kithure Kindiki Kaminginyi 
Hanifa 
Njeri wa Migwi
Kimani Ichungwa 
Oscar Sudi 
Aaron Cheruiyot
Kipchumba Murkomen 
Rebecca Milano
Soipan Tuya 
Aden Duale 
Noordin Haji 
Florence Kitema 
I'm-a-Cunt-Thomas 
Dennis Itumbi","Tweet","Nzioka Muli.","nziokamul1","12/10/2024, 6:36:55 PM","12","96","1","264","6656","5","tl","No","Twitter for Android","","https://x.com/nziokamul1/status/1866507396115206165","","",""
"=""1815722482881458326""","Aden Duale transfered from the Ministry of Defence to Ministry of Environment, Climate Change, and Forestry.","Tweet","Ole Teya","TeyaKevin","7/23/2024, 3:15:49 PM","73","736","21","2515","102550","6","en","No","Twitter for Android","","https://x.com/TeyaKevin/status/1815722482881458326","","",""
"=""1864683313375461452""","Environment CS Aden Duale orders removal of asbestos roofing from gov’t offices, schools, and hospitals in the country by end of December due to health risks","Tweet","Moe","moneyacademyKE","12/5/2024, 5:48:40 PM","131","346","72","1828","123072","36","en","No","Twitter Web App","","https://x.com/moneyacademyKE/status/1864683313375461452","","",""
"=""1814254139867570286""","CS Aden Duale &amp; Prof Kithure Kindiki are the only two guaranteed to be reappointed back to the cabinet.","Tweet","Chris Sambu","the_sambu","7/19/2024, 2:01:08 PM","141","176","57","701","95396","9","en","No","Twitter for Android","","https://x.com/the_sambu/status/1814254139867570286","","",""
"=""1811029454669353098""","The election cycle offers Kenyans a chance to evaluate their representatives and decide whether to re-elect them. Until then, we should let elected leaders fulfill the trust placed in them by the people. Engaging in diversionary and divisive politics, which thrive on chaos, will https://t.co/LrUyKD8sKp","Tweet","Hon. Aden Duale, EGH","HonAdenDuale","7/10/2024, 4:27:23 PM","1219","142","71","947","228266","42","en","No","Twitter for Android","","https://x.com/HonAdenDuale/status/1811029454669353098","video","https://video.twimg.com/ext_tw_video/1811029402777509888/pu/vid/avc1/480x270/OfnKIvWhZKaGipDT.mp4?tag=12",""
"=""1819300748116574491""","Environment CS nominee Aden Duale announces that he will jail those who have grabbed forest land no matter who they are in society. Should we tell him the truth, or we keep quiet?","Tweet","Gabriel Oguda","gabrieloguda","8/2/2024, 12:14:33 PM","295","1214","26","5101","171398","26","en","No","Twitter Web App","","https://x.com/gabrieloguda/status/1819300748116574491","","",""
"=""1819297924062273577""","Aden Duale: In the event this committee approves me, the President has the right to assign me to another ministry. That is his power. Maybe he might even take me back to defence.
#K24Siasa https://t.co/xu6TLSJX4G","Tweet","K24 TV","K24Tv","8/2/2024, 12:03:20 PM","173","97","89","403","142358","29","en","No","Twitter Web App","#K24Siasa","https://x.com/K24Tv/status/1819297924062273577","video","https://video.twimg.com/ext_tw_video/1819297310402121728/pu/vid/avc1/1280x720/xUmNJPWLqJTh5KAp.mp4?tag=12",""
"=""1869080659278303411""","Environment CS Aden Duale suspends licenses for Karura Golf Range development

CS Aden Duale has ordered the suspension of two licenses issued to Karura Golf Range Ltd for developing a golf range, restaurant, and mini golf park in Ngong Road Forest, Nairobi, following public https://t.co/izSYS6XjZ9","Tweet","The Eastleigh Voice","Eastleighvoice","12/17/2024, 9:02:09 PM","2","2","1","17","1146","0","en","No","Twitter Web App","","https://x.com/Eastleighvoice/status/1869080659278303411","photo","https://pbs.twimg.com/media/GfBO8N3XgAAvZ3Q.jpg",""
"=""1871043297520779431""","On Citizen TV's  #DaysofRage Aden Duale says that youths who came out to protests on the 25th of June during were under the influence of drugs and were highly intoxicated https://t.co/OV8DA3vuNw","Tweet","The Government Critic 🇰🇪","magwaz3","12/23/2024, 7:00:59 AM","39","13","1","49","4572","1","en","No","Twitter for Android","#DaysofRage","https://x.com/magwaz3/status/1871043297520779431","photo","https://pbs.twimg.com/media/GfdH8wYXoAAlX7W.jpg",""
"=""1872637684151443804""","Unataka shout out lakini huwa una repost tweets za kina Aden Duale na Murkomen. Si uwaambie wakuadd kwa gain train zao😂😂","Tweet","Mwangi_Mugo","_B1G_Sosa","12/27/2024, 4:36:30 PM","59","203","1","594","14023","1","tl","No","Twitter for Android","","https://x.com/_B1G_Sosa/status/1872637684151443804","","",""
"=""1840975701593182226""","Aden Duale, your end is nigh. Kenyans shall hang you in Uhuru Park at high noon soon!!!","Tweet","TL Elder","mwabilimwagodi","10/1/2024, 7:43:05 AM","34","1634","12","4927","78347","21","en","No","Twitter for Android","","https://x.com/mwabilimwagodi/status/1840975701593182226","","",""
"=""1840868914567541032""","“Do not be like the Mosquito that bites the owner of the house”. — African Proverb","Quoted tweet","Hon. Aden Duale, EGH","HonAdenDuale","10/1/2024, 12:38:45 AM","771","326","141","2676","394497","53","en","No","Twitter for iPhone","","https://x.com/HonAdenDuale/status/1840868914567541032","","",""
"=""1869824712874058166""","Parallels between Human body and Nature . https://t.co/PB5Ft2SjWj","Tweet","Hon. Aden Duale, EGH","HonAdenDuale","12/19/2024, 10:18:45 PM","61","26","4","209","23711","2","en","No","Twitter for iPhone","","https://x.com/HonAdenDuale/status/1869824712874058166","photo","https://pbs.twimg.com/media/GfLzqciWwAAz-UZ.jpg",""
"=""1870908497551872261""","CS Aden Duale: If there's one thing I regret is not being there on that day because if we were in our offices, we would have saved the situation and given more direction #DaysofRage @SamGituku https://t.co/QhHQrgrasu","Tweet","Citizen TV Kenya","citizentvkenya","12/22/2024, 10:05:20 PM","126","74","22","615","144712","95","en","No","Twitter Media Studio - LiveCut","#DaysofRage","https://x.com/citizentvkenya/status/1870908497551872261","video","https://video.twimg.com/amplify_video/1870907497411731456/vid/avc1/1920x1080/JnYsSmypsOaZaFPk.mp4?tag=16",""
"=""1871201169584124115""","As per Aden Duale on this day when I took this photo in June I was high on drugs.

It is the same drug addicts who will vote in 2027 or remove kasongo yeye by all means https://t.co/8XxVSgI8Qy","Tweet","Yoko","Kibet_bull","12/23/2024, 5:28:18 PM","18","188","5","509","22853","7","en","No","Twitter for Android","","https://x.com/Kibet_bull/status/1871201169584124115","photo","https://pbs.twimg.com/media/GffXiTWWEAAxX2M.jpg",""
"=""1871345498277457979""","I'm watching this ""Days of Rage"" documentary by @citizentvkenya and I realized Aden Duale's description of Gen Zs is a total lie. Duale is a chief liar just like his masters Kasongo and Kithure. Shame on you @HonAdenDuale","Tweet","Joshua Okayo","okayojoshua","12/24/2024, 3:01:49 AM","7","67","0","161","2234","0","en","No","Twitter for iPhone","","https://x.com/okayojoshua/status/1871345498277457979","","",""
"=""1872508951893336155""","It is with utter shock that we have learnt about the demise of Janet Wanja, a celebrated volleyball star who fought valiantly against cancer.

As we grapple with this heartbreaking loss, we send our deepest sympathies to her family and the volleyball fraternity. 

May you find https://t.co/5zm52njXvl","Tweet","Hon. Aden Duale, EGH","HonAdenDuale","12/27/2024, 8:04:58 AM","112","35","8","286","38102","1","en","No","Twitter for iPhone","","https://x.com/HonAdenDuale/status/1872508951893336155","photo","https://pbs.twimg.com/media/Gfx89mPWgAA02VE.jpg",""
"=""1811777939769274453""","Aden Duale responds very quickly! He is fighting back!! #RutoMustGo https://t.co/YUhVtljDK8","Tweet","Cornelius K. Ronoh","itskipronoh","7/12/2024, 6:01:36 PM","71","514","13","1343","39838","10","en","No","Twitter for Android","#RutoMustGo","https://x.com/itskipronoh/status/1811777939769274453","photo","https://pbs.twimg.com/media/GSS6byEbUAAVjx8.jpg",""
"=""1868967458562097218""","From logging to now expanding Kiambu Road, Environment CS Aden Duale has left Kenyans wondering if he has contracted a dangerous disease of lying openly, as he fearlessly defends the massive tree cutting in Karura Forest.

Watch video👇👇👇 https://t.co/XISHVeAD6M","Tweet","Mambo Mseto X","MamboMseto254","12/17/2024, 1:32:20 PM","38","48","0","97","6303","0","en","No","Twitter Web App","","https://x.com/MamboMseto254/status/1868967458562097218","photo","https://pbs.twimg.com/media/Ge_npnIXcAAlK3t.jpg",""
"=""1869078919363895412""","CS for Environment, Aden Duale, has directed NEMA and CCF to suspend licenses issued to Karura Golf Range Ltd for the development of a golf range, restaurant, and mini golf park in Ngong Road Forest.","Tweet","Moe","moneyacademyKE","12/17/2024, 8:55:14 PM","52","291","14","1001","44735","18","en","No","Twitter Web App","","https://x.com/moneyacademyKE/status/1869078919363895412","","",""
"=""1819319245458526638""","Aden Duale anasema he's is worth 980M. Ati aliandika kitabu ikauza fiti akakua millionaire.","Tweet","Book Ten","Bookten8","8/2/2024, 1:28:04 PM","22","70","0","300","6461","1","in","No","Twitter for Android","","https://x.com/Bookten8/status/1819319245458526638","","",""
"=""1856597341362335953""","What's your opinion on Aden Duale's (Environment CS) take on pollution? 

""Informal settlers aren't the ones polluting the Nairobi river, it's the middle class who pollute it because they have garbage. Those in informal settlements don't have garbage because they eat everything."" https://t.co/HoaAkUzZD0","Tweet","Nation FM","NationFmKE","11/13/2024, 10:17:54 AM","0","1","0","6","1712","1","en","No","Twitter Web App","","https://x.com/NationFmKE/status/1856597341362335953","video","https://video.twimg.com/ext_tw_video/1856596420662267904/pu/vid/avc1/1280x720/UlurahqHCf_V8qn1.mp4?tag=12",""
"=""1869076445978624070""","Cabinet Secretary @HonAdenDuale. Aden Duale has directed Chief Conservator of Forests (CCF) @KeForestService ,and Director General of the @NemaKenya ..1/2 https://t.co/1bDnD3FtLF","Tweet","Ministry of Environment, Climate Change & Forestry","Environment_Ke","12/17/2024, 8:45:25 PM","39","38","8","81","21642","9","en","No","Twitter for Android","","https://x.com/Environment_Ke/status/1869076445978624070","photo","https://pbs.twimg.com/media/GfBLHXHWMAA_m9y.jpg, https://pbs.twimg.com/media/GfBLHXoXgAAv8cX.jpg",""
"=""1871519528783577558""","Aden Duale referencing drugs means we're about to go deeper into the ""war against drugs"" phase of this. A cover-up for war against dissent, which will mainly target youths, and they'll start with those you consider disposable.

The ruling class has never been creative just brutal","Tweet","#OromoProtests","SeiseBagbo","12/24/2024, 2:33:21 PM","4","95","3","149","5449","6","en","No","Twitter for Android","","https://x.com/SeiseBagbo/status/1871519528783577558","","",""
"=""1815821184824668311""","We are grateful for good diplomatic ties with our neighbours Somalia; it is a blessing. As in life, good neighbours can be hard to come by. However something must be said about their exuberance over any appointment Aden Duale gets!! Alaar??? What is this? 🤔","Tweet","Anne Kiguta","AnneKiguta","7/23/2024, 9:48:01 PM","69","372","4","1275","73884","20","en","No","Twitter for Android","","https://x.com/AnneKiguta/status/1815821184824668311","","",""
"=""1819316876628902065""","Aden Duale says he is worth 980Million Shillings.","Tweet","EDGAR 🇰🇪","edgarwabwire_","8/2/2024, 1:18:39 PM","25","46","2","246","8098","0","en","No","Twitter for Android","","https://x.com/edgarwabwire_/status/1819316876628902065","","",""
"=""1869733074532962710""","The Holy Qur'an plays a crucial role in our lives by providing the moral compass that guides our ethical conduct as a society.

Earlier today, we were honoured to be joined by the Cabinet Secretary for Environment and Forestry Hon. Aden Duale, Mps; Hon. Hussein Weytan(Mandera https://t.co/wl9yYdJhWa","Tweet","H.E Mohamed Adan Khalif","MohamedAKhalif","12/19/2024, 4:14:37 PM","16","25","4","133","11608","2","en","No","Twitter for Android","","https://x.com/MohamedAKhalif/status/1869733074532962710","photo","https://pbs.twimg.com/media/GfKgUjAWsAALOnZ.jpg, https://pbs.twimg.com/media/GfKgUhhXUAA3WvM.jpg, https://pbs.twimg.com/media/GfKgUi_XAAAd1o-.jpg, https://pbs.twimg.com/media/GfKgUkaW8AAIwGB.jpg",""
"=""1819332855371108624""","The first 2 CS Nominees Vetted  today, my view:

1. Far away from being at Defence Ministry, my personal views On Aden Duale as CS Nominee Environment; He largely confronted Environment &amp; climate ministry relatedQuestions  from a point of proper understanding and the ""HOW"" to https://t.co/m2fWcDp8OE","Tweet","Chris Sambu","the_sambu","8/2/2024, 2:22:08 PM","7","6","1","22","7485","2","en","No","Twitter for Android","","https://x.com/the_sambu/status/1819332855371108624","photo","https://pbs.twimg.com/media/GT-Rk56XsAAU3Vl.jpg, https://pbs.twimg.com/media/GT-Rk5xW4AAmziD.jpg",""
"=""1811401364930506938""","I extend my heartfelt gratitude to His Excellency President @WilliamsRuto for entrusting me with the role of Cabinet Secretary for Defence in the first Kenya Kwanza Administration. 

I am deeply honored and will forever be indebted to him and the people of Kenya for this","Tweet","Hon. Aden Duale, EGH","HonAdenDuale","7/11/2024, 5:05:14 PM","7238","1650","940","13665","2730417","454","en","No","Twitter for Android","","https://x.com/HonAdenDuale/status/1811401364930506938","","",""
"=""1871824554189856988""","Why CS Aden Duale called Riggy G statement as “unfortunate, irresponsible, incitement and reckless” He went on to say “History will judge you (harshly). Don’t low the bar for good leadership, raise above ethnic chieftain. Be a democrat”.
Be a fair judge - is Riggy G right, wrong? https://t.co/ocjbrh1oev","Tweet","Stephen Mutoro","smutoro","12/25/2024, 10:45:25 AM","30","35","2","207","84920","27","en","No","Twitter for iPhone","","https://x.com/smutoro/status/1871824554189856988","video","https://video.twimg.com/ext_tw_video/1871824437575602176/pu/vid/avc1/1218x720/p0JXCqf1XBIkjGFt.mp4?tag=12",""
"=""1859595119265014207""","Aden Duale: The era of extrajudicial killings must come to an end. President Ruto is a God-fearing man. I don’t think he will ever in his life sanction extrajudicial killings. Let’s get our facts right 

#StateOfTheNationAddress https://t.co/SG6854OlZS","Tweet","Citizen TV Kenya","citizentvkenya","11/21/2024, 4:50:00 PM","537","62","105","387","120098","38","en","No","Twitter Web App","#StateOfTheNationAddress","https://x.com/citizentvkenya/status/1859595119265014207","video","https://video.twimg.com/amplify_video/1859594744046784512/vid/avc1/1920x1080/C7xOLzAVJqTWcojY.mp4?tag=16",""
"=""1808601214281564652""","Our leader Jacob Juma has said Aden Duale is a dangerous guy that lies with severe impunity. https://t.co/6AxGI9QQDs","Tweet","The Government Critic 🇰🇪","magwaz3","7/3/2024, 11:38:26 PM","4","119","0","298","13845","3","en","No","Twitter for Android","","https://x.com/magwaz3/status/1808601214281564652","photo","https://pbs.twimg.com/media/GRlxOBRbMAEYHtL.jpg",""
"=""1819322184046690327""","Truth be told, Hon. Aden Duale, incoming Minister for Environment, Climate Change &amp; Forestry gave an A* presentation. His understanding of Climate Change Mitigation including carbon credits. &amp; carbon trading which are still novel &amp; esoteric areas is masterful. Climate Change is","Tweet","Donald B Kipkorir","DonaldBKipkorir","8/2/2024, 1:39:44 PM","229","184","14","1215","164198","87","en","No","Twitter for iPad","","https://x.com/DonaldBKipkorir/status/1819322184046690327","","",""
"=""1871574096632525211""","Aden Duale slams Rigathi Gachagua for reckless accusations against Ruto's government, branding his ethnic-focused claims on illicit alcohol as divisive and inciteful. 

Is this a clash of egos or a deeper crisis in leadership?

Read More👇
https://t.co/3M3C6vSlIO","Tweet","Kenya Daily Online","KeDailyOnline","12/24/2024, 6:10:11 PM","13","26","1","28","348","0","en","No","Twitter for Android","","https://x.com/KeDailyOnline/status/1871574096632525211","","","https://kenyadaily.online/this-is-incitement-cs-duale-blasts-former-dp-gachagua-over-remarks-against-ps-omollo/"
"=""1815728607139873028""","Former Defence CS, Aden Duale, reassigned to the Ministry of Environment and Climate Change. https://t.co/86Mwg96iAG","Tweet","Goddie","Goddie_Ke","7/23/2024, 3:40:09 PM","29","54","1","531","14815","0","en","No","Twitter for Android","","https://x.com/Goddie_Ke/status/1815728607139873028","photo","https://pbs.twimg.com/media/GTLDikTW0AERQT9.jpg",""
"=""1860301614889803956""","Environment CS Aden Duale tours Karura forest https://t.co/PCTqCLo0eL","Tweet","Kenyans.co.ke","Kenyans","11/23/2024, 3:37:22 PM","11","33","3","332","16189","0","fr","No","Twitter Web App","","https://x.com/Kenyans/status/1860301614889803956","photo","https://pbs.twimg.com/media/GdEeXZFWAAAkPGw.jpg",""
"=""1872668039176696172""","https://t.co/iZveNrCZ21","Tweet","Hon. Aden Duale, EGH","HonAdenDuale","12/27/2024, 6:37:07 PM","320","67","32","561","81169","18","zxx","No","Twitter for iPhone","","https://x.com/HonAdenDuale/status/1872668039176696172","video","https://video.twimg.com/ext_tw_video/1872666385400090624/pu/vid/avc1/1280x720/EMRRVMn9QLlsTcK4.mp4?tag=12",""
"=""1872871272209891627""","“And whatever of blessings and good things you have, it is from Allah.” (16:53) Alhamdulillah","Tweet","Hon. Aden Duale, EGH","HonAdenDuale","12/28/2024, 8:04:42 AM","71","39","2","321","36776","2","en","No","Twitter for iPhone","","https://x.com/HonAdenDuale/status/1872871272209891627","","",""
"=""1808498334052565160""","Tonight, join me on @citizentvkenya with @KoinangeJeff as we discuss the state of the nation with focus on security and defence. #JKLive https://t.co/cXlDsbno4U","Tweet","Hon. Aden Duale, EGH","HonAdenDuale","7/3/2024, 4:49:37 PM","711","182","41","1549","167632","11","en","No","Twitter for Android","#JKLive","https://x.com/HonAdenDuale/status/1808498334052565160","photo","https://pbs.twimg.com/media/GRkTpTxXYAAz7sr.jpg",""
"=""1813991527758070114""","Murkomen, Soipan Tuya, Davis Chirchir, Aden Duale ..this fellows wakirudi Cabinet mjue hakuna Ruto amefanya in sanitizing this corrupt govt.
Those crooks shouldn't not make on the list of CSs.","Tweet","𝙱𝚛𝚒𝚊𝚗 𝙺𝚘𝚛𝚒𝚛","_Briankorir","7/18/2024, 8:37:37 PM","1","3","1","9","311","0","en","No","Twitter for Android","","https://x.com/_Briankorir/status/1813991527758070114","","",""
"=""1814303577541603604""","Aden Duale speaks after being nominated as CS Defence https://t.co/UUEMy0KKwR","Tweet","Kenyans.co.ke","Kenyans","7/19/2024, 5:17:35 PM","269","82","13","694","60246","4","en","No","TweetDeck Web App","","https://x.com/Kenyans/status/1814303577541603604","photo","https://pbs.twimg.com/media/GS2xiQZWAAECVHE.jpg",""
"=""1869276538451247415""","Environment CS Aden Duale Suspends Licenses for Restaurant &amp; Golf Course in Ngong Road Forest

CS Aden Duale has suspended licenses granted to a developer for a restaurant and mini golf park in Ngong Road Forest, Nairobi, amid public outcry over forest encroachment. https://t.co/vE7YjKTeFQ","Tweet","Geoffrey Moturi - Kawangware Finest ™","cbs_ke","12/18/2024, 10:00:30 AM","2","0","0","2","424","0","en","No","Twitter for Android","","https://x.com/cbs_ke/status/1869276538451247415","video","https://video.twimg.com/ext_tw_video/1869276373467967488/pu/vid/avc1/720x720/JhkuJTUnp_7wkDLo.mp4?tag=12",""
"=""1860389150215516511""","Karura Forest Tree Cutting:

CS Aden Duale says the exercise being carried out by KFS 

Duale: We’re creating space to plant indigenous trees 

Mwaniki: What is being done is part of the management plan

#CitizenWeekend  @lillian_muli https://t.co/6fcnDhPw7b","Tweet","Citizen TV Kenya","citizentvkenya","11/23/2024, 9:25:12 PM","90","44","15","230","81320","22","en","No","Twitter Media Studio - LiveCut","#CitizenWeekend","https://x.com/citizentvkenya/status/1860389150215516511","video","https://video.twimg.com/amplify_video/1860388898679005184/vid/avc1/1920x1080/qDPy8OjE6HCqx2a9.mp4?tag=16",""
"=""1808606438589083684""","""The people who are saying Zakayo ashuke, ashuke kutoka wapi? Amepanda wapi? Zakayo has delivered"" - Aden Duale

 https://t.co/Isoomnao5K","Tweet","Alinur Mohamed","AlinurMohamed_","7/3/2024, 11:59:11 PM","62","44","11","290","40032","3","tl","No","Twitter for Android","","https://x.com/AlinurMohamed_/status/1808606438589083684","video","https://video.twimg.com/amplify_video/1808601793619783680/vid/avc1/1920x1080/dBu2zZtlexzipAdH.mp4?tag=16",""
"=""1819302482847166909""","Following Keenly the Vetting of Aden Duale.
The matter of Ololua Forest raised by MP Kimani Ichungw’ah.Duale states existence of very key Government officials grabbing ololua.Members seeking to know who are this people?

Aden Duale:""If approved, forestry will be my business. https://t.co/QkDO7CcZlU","Tweet","Chris Sambu","the_sambu","8/2/2024, 12:21:27 PM","3","4","0","15","3974","1","en","No","Twitter Web App","","https://x.com/the_sambu/status/1819302482847166909","photo","https://pbs.twimg.com/media/GT9182mWYAATsgP.jpg",""
"=""1872940275716547055""","Ruto has appointed acting cabinet secretaries to occupy vacant ministerial positions pending vetting of nominees. Those appointed:

1) Mudavadi - acting CS Ministry of ICT.

2) Aden Duale - acting CS Ministry of 
    Agriculture.

3) Salim Mvurya acting CS Ministry of Trade https://t.co/q9M7orRJhG","Tweet","Mr Black⁛","MrBlackOG","12/28/2024, 12:38:53 PM","1","2","1","7","1325","0","en","No","Twitter for Android","","https://x.com/MrBlackOG/status/1872940275716547055","photo","https://pbs.twimg.com/media/Gf4FQCbXcAAs5M0.jpg",""
"=""1808568193599881682""","Aden Duale: We never ordered the military to come, the constitution orders KDF to come out in certain circumstances. On Tuesday last week, I think 2 critical arms of government created by the constitution were under threat #JKLive @KoinangeJeff https://t.co/67ooFPTQYS","Tweet","Citizen TV Kenya","citizentvkenya","7/3/2024, 9:27:13 PM","198","47","9","350","104773","19","en","No","Twitter Media Studio - LiveCut","#JKLive","https://x.com/citizentvkenya/status/1808568193599881682","video","https://video.twimg.com/amplify_video/1808568102361169920/vid/avc1/1920x1080/qi3elj8BrNXf-kHL.mp4?tag=16",""
"=""1815729252743995695""","Military officials rejected Duale. When Duale was sacked they celebrated. The KDF said they would never want Duale at DoD","Tweet","Rein","Asamoh_","7/23/2024, 3:42:43 PM","11","248","2","637","18555","2","en","No","Twitter for iPhone","","https://x.com/Asamoh_/status/1815729252743995695","","",""
"=""1872942744022417732""","President William Ruto  appoints Musalia Mudavadi, Aden Duale and Salim Mvurya as acting Cabinet Secretaries for ICT, Agriculture and Trade ministry respectively. https://t.co/VaBGan4jDd","Tweet","Lulu Hassan","LuluHassan","12/28/2024, 12:48:42 PM","43","25","5","139","18767","4","en","No","Twitter Web App","","https://x.com/LuluHassan/status/1872942744022417732","photo","https://pbs.twimg.com/media/Gf4Gk6FWgAAoswW.jpg",""
"=""1867487462420832639""","The @NemaKenya Chairman, Emilio Mugo accompanied by the Director General, Mamo B. Mamo, EBS and Vice Chair, Sophia Matura today signed the 2024/2025 Performance Contract with the Cabinet Secretary for Environment, Climate Change and Forestry, Hon. Aden Duale at the Ministry's https://t.co/xb8oINDmBr","Tweet","NEMA Kenya","NemaKenya","12/13/2024, 11:31:21 AM","3","5","0","10","2054","0","en","No","Twitter Web App","","https://x.com/NemaKenya/status/1867487462420832639","photo","https://pbs.twimg.com/media/GeqlYXPW8AARRsc.jpg, https://pbs.twimg.com/media/GeqlcKBXwAAyYqX.jpg, https://pbs.twimg.com/media/Geqlc1JXUAEyKjJ.jpg, https://pbs.twimg.com/media/GeqlhA4W4AA4PXR.jpg",""
"=""1872937859201613874""","President Ruto assigns Musalia Mudavadi, Aden Duale, and Salim Mvurya as acting Cabinet Secretaries to ICT, Agriculture, and Trade ministries, respectively, pending vetting of nominees. https://t.co/XS1VjwzA7f","Tweet","The Standard Digital","StandardKenya","12/28/2024, 12:29:17 PM","31","34","1","282","34604","2","en","No","Hootsuite Inc.","","https://x.com/StandardKenya/status/1872937859201613874","photo","https://pbs.twimg.com/media/Gf4DDrKWUAAqzAg.jpg",""
"=""1866183962361483645""","National unity is fundamental to the strength and stability of a country. https://t.co/wDY54I1Sdt","Tweet","Hon. Aden Duale, EGH","HonAdenDuale","12/9/2024, 9:11:43 PM","758","125","44","1412","116390","12","en","No","Twitter for iPhone","","https://x.com/HonAdenDuale/status/1866183962361483645","photo","https://pbs.twimg.com/media/GeYEa1aWYAE01X2.jpg",""
"=""1870919854401720823""","CS Aden Duale: The Gen Z withdrew from the protests when they saw their lives were in danger, the team that infiltrated Parliament were people under the influence of drugs #DaysofRage @SamGituku https://t.co/FpefBAoLtg","Tweet","Citizen TV Kenya","citizentvkenya","12/22/2024, 10:50:27 PM","306","142","132","768","200867","90","en","No","Twitter Media Studio - LiveCut","#DaysofRage","https://x.com/citizentvkenya/status/1870919854401720823","video","https://video.twimg.com/amplify_video/1870919740870348800/vid/avc1/1920x1080/BK1mRa-gZKSEdtii.mp4?tag=16",""
"=""1825438029915320332""","CS Aden Duale inspects a guard of honour by Kenya Forest officers during a familiarisation tour at Karura Forest https://t.co/svlxjG09V9","Tweet","Kenyans.co.ke","Kenyans","8/19/2024, 10:41:55 AM","146","71","18","1074","47579","4","en","No","Twitter Web App","","https://x.com/Kenyans/status/1825438029915320332","photo","https://pbs.twimg.com/media/GVVCLaOXkAAszYU.jpg",""
"=""1819304655739879457""","Aden Duale: Corruption is more of a threat to our security than Al Shabaab because with Al Shabaab, you can identify them.","Tweet","Chris Sambu","the_sambu","8/2/2024, 12:30:05 PM","12","21","6","88","11069","0","en","No","Twitter Web App","","https://x.com/the_sambu/status/1819304655739879457","","",""
"=""1859607074197426395""","CS Aden Duale: The direction of the President on Adani is a very clear signal on the war on corruption and the position of the President. The voices of the people have been heard; he is a listening President https://t.co/cbh4cjOrDn","Tweet","The Standard Digital","StandardKenya","11/21/2024, 5:37:30 PM","253","28","36","241","54259","2","en","No","Hootsuite Inc.","","https://x.com/StandardKenya/status/1859607074197426395","photo","https://pbs.twimg.com/media/Gc6mx4TXsAEb4zz.jpg",""
"=""1872941069815693499""","While awaiting parliamentary approval of new CS nominees, the President has appointed acting Cabinet Secretaries to oversee vacant portfolios:

—Musalia Mudavadi: Ministry of ICT &amp; Digital Economy
—Aden Duale: Ministry of Agriculture
—Salim Mvurya: Ministry of Trade &amp; Industry.","Tweet","Moe","moneyacademyKE","12/28/2024, 12:42:03 PM","8","67","1","344","28340","6","en","No","Twitter Web App","","https://x.com/moneyacademyKE/status/1872941069815693499","","",""
"=""1860327509444669795""","Aden Duale amezoea Arid and semi-arid areas, so haoni shida ya kukata miti.","Tweet","Yoko","Kibet_bull","11/23/2024, 5:20:16 PM","20","406","2","1278","16108","4","in","No","Twitter for Android","","https://x.com/Kibet_bull/status/1860327509444669795","","",""
"=""1808575258338996710""","Jeff Koinange: The Gen Z is saying Ruto Must Go!

Aden Duale on JKL: ""Those same people saying Ruto Must Go are the same people that said he will not become president. They still haven't come to terms with that reality""","Tweet","Chris Sambu","the_sambu","7/3/2024, 9:55:17 PM","9","14","2","81","5117","0","en","No","Twitter for Android","","https://x.com/the_sambu/status/1808575258338996710","","",""
"=""1814297647554945262""","I extend my deepest gratitude to H.E President @WilliamsRuto for nominating me as Cabinet Secretary for the Ministry of Defence . 

This nomination reflects the President's and the Kenyan people's profound trust and confidence in my ability to advance our nation's agenda and more","Tweet","Hon. Aden Duale, EGH","HonAdenDuale","7/19/2024, 4:54:01 PM","4800","833","422","6499","1146119","222","en","No","Twitter Web App","","https://x.com/HonAdenDuale/status/1814297647554945262","","",""
"=""1863585352256041328""","Environment CS Aden Duale is being considered by President Ruto and his team for the Interior Ministry docket","Tweet","Alinur Mohamed","AlinurMohamed_","12/2/2024, 5:05:46 PM","21","88","2","518","14499","0","en","No","Twitter for iPhone","","https://x.com/AlinurMohamed_/status/1863585352256041328","","",""
"=""1815721301501206903""","I am Grateful to President @WilliamsRuto for reassigning me from the Defence Ministry to the Ministry of Environment, Climate Change, and Forestry. 

I look forward to serving in my new portfolio and ensuring focus is on sustainable environmental management, combating climate","Tweet","Hon. Aden Duale, EGH","HonAdenDuale","7/23/2024, 3:11:07 PM","4718","1046","1233","6542","1891011","234","en","No","Twitter Web App","","https://x.com/HonAdenDuale/status/1815721301501206903","","",""
"=""1865703964655722961""","Interaction with Ministers 

Aden Bare Duale
Minister of Environment, Climate Change &amp; Forestry &amp; Former Minister of Defence, Kenya https://t.co/J4Fv6l8uTU","Tweet","Dr Zakir Naik","drzakiranaik","12/8/2024, 1:24:22 PM","12","13","1","183","3659","0","en","No","Twitter for Android","","https://x.com/drzakiranaik/status/1865703964655722961","photo","https://pbs.twimg.com/media/GeRP3FabIAM1dOw.jpg",""
"=""1811625290541543928""","Nikikumbuka Aden Duale alisema Revolutions don't start on Twitter spaces naisha kuisha...guess who is jobless now🤣🤣🤣🤣🤣","Tweet","LANDLORD🇰🇪","bozgabi","7/12/2024, 7:55:02 AM","19","161","2","617","8373","0","en","No","Twitter for Android","","https://x.com/bozgabi/status/1811625290541543928","","",""
"=""1819325015277326769""","CS nominee Aden Duale and members in the committee vetting him burst into laughter after an MP complains about strict army recruitment policies https://t.co/Z9ai0qqoxH","Tweet","Kenyans.co.ke","Kenyans","8/2/2024, 1:50:59 PM","21","84","4","1351","35962","3","en","No","Twitter Web App","","https://x.com/Kenyans/status/1819325015277326769","photo","https://pbs.twimg.com/media/GT-KKp2XUAAnGfg.jpg",""
"=""1856898979402834090""","Quickest reminder: Aden Duale’s brother, Abdi Bare Duale, is the chairman of Kenya Railways with Moses Wetangula’s son, Alvin Habwe Wetangula, being a board member too.","Tweet","Ochola Ochieng'","dr_ocholaherald","11/14/2024, 6:16:30 AM","0","9","0","18","791","0","en","No","Twitter for Android","","https://x.com/dr_ocholaherald/status/1856898979402834090","","",""
"=""1856894851562049952""","Public institutions have defaulted on loans worth KES 266.5B

[@BD_AFrica] https://t.co/xzpYrXhGzL","Quoted tweet","Mwango Capital","MwangoCapital","11/14/2024, 6:00:06 AM","6","21","4","25","6891","2","en","No","Typefully","","https://x.com/MwangoCapital/status/1856894851562049952","photo","https://pbs.twimg.com/media/GcUEBnTbMAA7n9Z.png",""
"=""1811674577266749495""","Hon. Duale @HonAdenDuale has an impressive track record that stands out among other cabinet secretaries. His dedication, energy, and consistent delivery of excellent results have been remarkable. With his institutional memory, he is well-suited to return to the defence docket. https://t.co/NhS968a3dI","Tweet","Dr. Abdi Issa ,M.D MSc,MRCGP.","DrAbdiissa011","7/12/2024, 11:10:53 AM","1090","69","54","619","93376","9","en","No","Twitter for iPhone","","https://x.com/DrAbdiissa011/status/1811674577266749495","photo","https://pbs.twimg.com/media/GSRcbA0XsAAo3Dv.jpg",""
"=""1814291028741902538""","BREAKING: Aden Duale has been nominated for the position of Cabinet Secretary for Defence. #K24Updates https://t.co/qLvtWQDOkL","Tweet","K24 TV","K24Tv","7/19/2024, 4:27:43 PM","79","25","2","287","24662","1","en","No","Hootsuite Inc.","#K24Updates","https://x.com/K24Tv/status/1814291028741902538","photo","https://pbs.twimg.com/media/GS2oE1jXIAA-9_n.jpg",""
"=""1866399308985020733""","CS Aden Duale welcomes H.E. President William Ruto to Wajir County for the ongoing 4th Pastoralist Leadership Summit. https://t.co/sWLHfVsbb4","Tweet","Almamy Moha","AlmamyMoha_","12/10/2024, 11:27:25 AM","3","3","0","16","1822","0","en","No","Twitter for iPhone","","https://x.com/AlmamyMoha_/status/1866399308985020733","photo","https://pbs.twimg.com/media/GebIRitXcAAHpK3.jpg",""
"=""1843358598119776434""","“However long the night, the dawn will break.” African Proverb","Tweet","Hon. Aden Duale, EGH","HonAdenDuale","10/7/2024, 9:31:52 PM","1129","475","141","3443","517162","78","en","No","Twitter for iPhone","","https://x.com/HonAdenDuale/status/1843358598119776434","","",""
"=""1869451576907112660""","Ngong Road Forest land Puzzle:

CS Aden Duale accuses former KFS board chairman Peter Kinyua of corruption by illegally granting private developers public land.  

Duale says he has suspended the licences pending further investigation. 

#NTVTonight @MichelleNgele_ @hellenaura1 https://t.co/4Dvv5qqSdg","Tweet","NTV Kenya","ntvkenya","12/18/2024, 9:36:03 PM","7","30","0","87","15591","1","en","No","Twitter Media Studio","#NTVTonight","https://x.com/ntvkenya/status/1869451576907112660","video","https://video.twimg.com/amplify_video/1869451127621644288/vid/avc1/1280x720/69N8PzHE02FYXqgI.mp4?tag=14",""
"=""1811396681599963360""","Dear Mr. President,

Kindly bring back Hon. Kithure Kindiki and Hon. Aden Duale! #RutoListens.","Tweet","U D A - Official Fans Page.","UDAPartyKe","7/11/2024, 4:46:37 PM","2378","263","101","2800","310086","26","en","No","Twitter for Android","#RutoListens","https://x.com/UDAPartyKe/status/1811396681599963360","","",""
"=""1814648184154599805""","Kithure Kindiki and Aden Duale graduated from Moi University","Tweet","Goddie","Goddie_Ke","7/20/2024, 4:06:56 PM","6","53","0","270","12740","1","en","No","Twitter for Android","","https://x.com/Goddie_Ke/status/1814648184154599805","","",""
"=""1864612528988291319""","You can as well invite Kithure Kindiki and/or Aden Duale to JKL and ask them why they arw doing this to your journalists.","Tweet","Wesley Kibande","Wesley_Kibande","12/5/2024, 1:07:24 PM","0","45","0","87","1684","0","en","No","Twitter for Android","","https://x.com/Wesley_Kibande/status/1864612528988291319","","",""
"=""1864595630703730967""","DCI officers harass Royal Media Services journalists, confiscate a camera https://t.co/NYA5EWtJWV","Quoted tweet","Citizen TV Kenya","citizentvkenya","12/5/2024, 12:00:15 PM","460","1766","167","4242","431563","167","fr","No","Twitter Media Studio","","https://x.com/citizentvkenya/status/1864595630703730967","video","https://video.twimg.com/amplify_video/1864594763036479488/vid/avc1/720x720/fppQDZ3yc4jDijyD.mp4?tag=14",""
"=""1872917150559539489""","Somalis have taken over the security agencies of Kenya and that's why abductions are not going to end very soon unless we act very fast. Aden duale is the one running Defense. Mohamed Ibrahim Amin running DCI. Hawa ni the same people bringing illegal aliens on daily basis and no","Tweet","MAK🅰️VELIⓂ️","_Makaveli_420","12/28/2024, 11:07:00 AM","37","29","1","38","1381","2","en","No","Twitter for Android","","https://x.com/_Makaveli_420/status/1872917150559539489","","",""
"=""1819299361899127097""","""If asked between Al shabaab and  corruption which is a threat to national security? Without fear, I would say corruption is more of a threat"" - Aden Duale","Tweet","Alinur Mohamed","AlinurMohamed_","8/2/2024, 12:09:03 PM","31","82","0","449","15871","0","en","No","Twitter for Android","","https://x.com/AlinurMohamed_/status/1819299361899127097","","",""
"=""1822957902945980898""","CS Aden Duale hands over the Defence docket to CS Soipan Tuya https://t.co/v6Ruuxf5D7","Tweet","Kenyans.co.ke","Kenyans","8/12/2024, 2:26:47 PM","23","49","1","722","27589","1","en","No","Twitter Web App","","https://x.com/Kenyans/status/1822957902945980898","photo","https://pbs.twimg.com/media/GUxybb7XAAA_Yh9.jpg",""
"=""1869101757587943478""","Environment CS Aden Duale directs KFS and NEMA to suspend licenses for Karura Golf Range Ltd’s golf range and restaurant projects in Ngong Road Forest. https://t.co/BlmbKjCCOB","Tweet","The Standard Digital","StandardKenya","12/17/2024, 10:25:59 PM","21","5","1","84","11270","1","en","No","Hootsuite Inc.","","https://x.com/StandardKenya/status/1869101757587943478","photo","https://pbs.twimg.com/media/GfBiJM-WMAAf6Aa.jpg",""
"=""1866394993025548722""","CS Aden Duale welcomes President Ruto to Wajir County for the ongoing 4th Pastoralist Leadership Summit https://t.co/bT0SKoAgmp","Tweet","Kenyans.co.ke","Kenyans","12/10/2024, 11:10:16 AM","40","57","2","738","24561","1","en","No","Twitter Web App","","https://x.com/Kenyans/status/1866394993025548722","photo","https://pbs.twimg.com/media/GebEVTLXYAA4_L9.jpg",""
"=""1872936889306472860""","Assignment of acting Cabinet secretaries .

Hon.Musalia Mudavadi @MusaliaMudavadi will be acting in CS Ministry of Information,Communications &amp; Digital economy 

Hon.Aden B Duale @HonAdenDuale will be acting CS Ministry of Agriculture and Livestock Development 

Hon.Salim Mvurya https://t.co/2wnAE6NbH4","Tweet","Antonellah Kakuko(The pastoralist Child).","Truepastoralist","12/28/2024, 12:25:26 PM","7","8","0","14","2714","1","en","No","Twitter for Android","","https://x.com/Truepastoralist/status/1872936889306472860","photo","https://pbs.twimg.com/media/Gf4CLMjXoAAp0VX.jpg",""
"=""1869270573303632002""","Aden Duale Cancels License Issued to Karura Golf Range: “I Will Provide the Way Forward”
https://t.co/YDzYGySrFX","Tweet","Y News","yNews_digital","12/18/2024, 9:36:48 AM","0","1","0","2","42","1","en","No","Twitter Web App","","https://x.com/yNews_digital/status/1869270573303632002","","","https://ynews.digital/headline-3/aden-duale-cancels-license-issued-to-karura-golf-range-i-will-provide-the-way-forward/"
"=""1819316913144570219""","Aden Duale has clarified that his wealth has grown to Sh980 million from Sh851 million in 2022","Tweet","Alinur Mohamed","AlinurMohamed_","8/2/2024, 1:18:48 PM","15","53","0","368","10949","0","en","No","Twitter for iPhone","","https://x.com/AlinurMohamed_/status/1819316913144570219","","",""
"=""1812840128819216412""","NEWS UPDATE 

Former Defense Cs Aden Duale issues a warning to those using Gen Zs for their greedy benefits, says govt will not allow it : To those instigating Anarchy from the shadows, we are aware of your schemes https://t.co/NpM9CmtBUR","Tweet","Goddie","Goddie_Ke","7/15/2024, 4:22:22 PM","73","34","3","244","16358","0","en","No","Twitter for Android","","https://x.com/Goddie_Ke/status/1812840128819216412","photo","https://pbs.twimg.com/media/GSiAfLCWgAA2JQN.jpg",""
"=""1815726767480402066""","Aden duale moved from Ministry of defense to ministry of environment, Forestry and Climate change. KDF Refused to be under Aden Duale Rule!!","Tweet","Ja Leto","_falsi1ke","7/23/2024, 3:32:50 PM","10","60","1","295","11126","2","en","No","Twitter for Android","","https://x.com/_falsi1ke/status/1815726767480402066","","",""
"=""1811436088436703655""","Duale should go to a national Television tonight arudie REVOLUTION CAN'T HAPPEN ON TWITTER","Tweet","KOT OCS👮👮","WaruiJohn2","7/11/2024, 7:23:12 PM","18","294","0","906","11938","2","en","No","Twitter for Android","","https://x.com/WaruiJohn2/status/1811436088436703655","","",""
"=""1866428478918459593""","Environment CS Aden Duale receives President William Ruto in Wajir County for the ongoing 4th Pastoralist Leadership Summit . https://t.co/kRx18NFw0V","Tweet","Ministry of Environment, Climate Change & Forestry","Environment_Ke","12/10/2024, 1:23:20 PM","0","2","0","26","890","0","en","No","Twitter for Android","","https://x.com/Environment_Ke/status/1866428478918459593","photo","https://pbs.twimg.com/media/GebiUQgWgAAFoaI.jpg",""
"=""1872944770387198340""","Musalia Mudavadi to act as ICT CS, Aden Duale to act as Agriculture CS and Salim Mvurya to act as Trade CS awaiting the vetting on 3 CS nominees. https://t.co/yoh0F0bFUm","Tweet","Oliver Mathenge","OliverMathenge","12/28/2024, 12:56:45 PM","1","11","3","64","7982","1","en","No","Twitter for iPhone","","https://x.com/OliverMathenge/status/1872944770387198340","photo","https://pbs.twimg.com/media/Gf4JVHKWQAAZ8yV.jpg",""
"=""1872940367894724701""","President Ruto has assigned acting Cabinet Secretaries to vacant portfolios:

—Musalia Mudavadi in ICT &amp; the Digital Economy.
—Aden B. Duale in Agriculture &amp; Livestock Development.
—Salim Mvurya in Investments, Trade &amp; Industry. https://t.co/Qhr11crVEF","Tweet","Mwango Capital","MwangoCapital","12/28/2024, 12:39:15 PM","4","9","5","17","8395","3","en","No","Twitter for Android","","https://x.com/MwangoCapital/status/1872940367894724701","photo","https://pbs.twimg.com/media/Gf4FVqyWsAAIK1U.jpg",""
"=""1869768516821528706""","Cabinet Shuffle:

🔹 Mutahi Kagwe: Nominated as CS for Agriculture &amp; Livestock Development 
🔹 Hon. Lee Kinyanjui: Nominated as CS for Investments, Trade &amp; Industry  
🔹 Hon. William Kabogo: Nominated as CS for ICT &amp; Digital Economy  
🔹 Hon. Salim Mvurya: Reassigned to Youth https://t.co/NkJGqOq7u5","Quoted tweet","Mwango Capital","MwangoCapital","12/19/2024, 6:35:27 PM","91","266","99","572","231148","84","en","No","Twitter for Android","","https://x.com/MwangoCapital/status/1869768516821528706","photo","https://pbs.twimg.com/media/GfLAjTPXUAAQrfx.jpg, https://pbs.twimg.com/media/GfLAjZaWIAAFjRM.jpg, https://pbs.twimg.com/media/GfLAjcKXAAAv0W1.jpg",""
"=""1808578576385781950""","Aden Duale anasema Kenya kwanza Regime Cannot be changed through a twitter space. Ati anasema sisi Gen Zs tumekua hijacked.

Aden Duale ni Msheenzi sana. They will not believe","Tweet","LANDLORD🇰🇪","bozgabi","7/3/2024, 10:08:29 PM","15","102","0","312","5271","0","en","No","Twitter for Android","","https://x.com/bozgabi/status/1808578576385781950","","",""
"=""1808576896025645498""","Aden Duale on JKL: ""That Ruto must go is not from Gen Z , it is from people like Kalonzo,Kioni, Miguna miguna and Azimio,the usual cabal that doesn't accept Ruto as president""","Tweet","Chris Sambu","the_sambu","7/3/2024, 10:01:48 PM","3","6","0","40","2982","0","en","No","Twitter for Android","","https://x.com/the_sambu/status/1808576896025645498","","",""
"=""1811385687133835365""","Imagine Aden Duale is jobless? He cannot believe!!","Tweet","Cornelius K. Ronoh","itskipronoh","7/11/2024, 4:02:56 PM","27","98","4","544","10389","2","en","No","Twitter for Android","","https://x.com/itskipronoh/status/1811385687133835365","","",""
"=""1828466066034487472""","Great leaders and the road to the unity of our nation . Thank you Mr President for leading the way . “May we dwell in unity , Peace and liberty Plenty be found within our borders”. https://t.co/SEGRWaW1Se","Tweet","Hon. Aden Duale, EGH","HonAdenDuale","8/27/2024, 7:14:16 PM","81","72","2","928","35065","3","en","No","Twitter for iPhone","","https://x.com/HonAdenDuale/status/1828466066034487472","photo","https://pbs.twimg.com/media/GWAEMVLXcAQ5_J3.jpg",""
"=""1819322563975155867""","Aden Duale CS Environment nominee declares his Net worth at 980M. Justifies a rise of 129M from 851M in 2022.","Tweet","Chris Sambu","the_sambu","8/2/2024, 1:41:15 PM","2","13","1","76","5426","1","en","No","Twitter Web App","","https://x.com/the_sambu/status/1819322563975155867","","",""
"=""1814291453390053658""","First Batch of 11 CSs appointed to the Cabinet.

Interior - Kithure Kindiki
Health - Dr Debra Mulongo Barasa
Public Works - Alice Wahome
Education - Julius Ogamba
Defence - Aden Duale
1/2","Tweet","Polycarp","Nyaberih_","7/19/2024, 4:29:25 PM","8","43","2","179","8505","1","en","No","Twitter for iPhone","","https://x.com/Nyaberih_/status/1814291453390053658","","",""
"=""1863832040317018621""","CS Aden Duale meets India's environment minister, Bhupender Yadav, in Riyadh https://t.co/WkGBmQJ4BU","Tweet","Kenyans.co.ke","Kenyans","12/3/2024, 9:26:01 AM","10","15","0","191","10091","0","en","No","TweetDeck Web App","","https://x.com/Kenyans/status/1863832040317018621","photo","https://pbs.twimg.com/media/Gd2pT-dXEAAxkQb.jpg",""
"=""1820925783449145514""","دامك حليف بوخالد.. ابشر بعزك يالخووووي..
.
.
.
#الجنوب_العربي 
#عدن https://t.co/KVvDTl2rZc","Tweet","عبـدالله ثــانــي","Abdu_thane","8/6/2024, 11:51:52 PM","34","35","2","236","17236","2","ar","No","Twitter for Android","#الجنوب_العربي, #عدن","https://x.com/Abdu_thane/status/1820925783449145514","photo","https://pbs.twimg.com/media/GUU6UDmXkAAcoM4.jpg",""
"=""1815728987391275415""","We went from Wangari Mathaai to Aden Duale, a Nobel Peace Prize winner to a camel herder. Mathaai is turning in her grave.","Tweet","ʀ¡ᴄᴋʏ","guylikericky","7/23/2024, 3:41:39 PM","1","60","3","210","3684","0","en","No","Twitter for Android","","https://x.com/guylikericky/status/1815728987391275415","","",""
"=""1872949537347883455""","Jatend piny William Ruto oyiero Aden Duale kaka jatend migao mar pur e yor kojolo; Duale biro mako lemono nyaka od bura ma malo tiek chenro mar puodho jotend migepe mane owal #RamogiFmNews https://t.co/MAfrrcgZ5m","Tweet","RamogiFM","RamogiFM","12/28/2024, 1:15:42 PM","0","0","0","0","170","0","in","No","Twitter for Android","#RamogiFmNews","https://x.com/RamogiFM/status/1872949537347883455","photo","https://pbs.twimg.com/media/Gf4NrZyXsAAgflk.jpg",""
"=""1865042594096374163""","Environment CS Aden Duale meets Senate Select Committee on Delegated Legislation chaired by Sen. Mwenda Gataya to discuss progress of regulations under EMCA and Sustainable Waste Management Act. https://t.co/tV71E8TpRy","Tweet","Ministry of Environment, Climate Change & Forestry","Environment_Ke","12/6/2024, 5:36:19 PM","0","0","0","1","372","0","en","No","Twitter for Android","","https://x.com/Environment_Ke/status/1865042594096374163","photo","https://pbs.twimg.com/media/GeH2VOIXsAAOoPz.jpg",""
"=""1819290183910490376""","Aden Duale, CS Nominee Environment; ""My tenure as CS Defence for the last 22 months speaks for itself in different achievements that we made from Diplomacy,capacity building,,Peace support operations &amp; KDF Modernazation""","Tweet","Chris Sambu","the_sambu","8/2/2024, 11:32:35 AM","3","5","0","35","3246","0","en","No","Twitter Web App","","https://x.com/the_sambu/status/1819290183910490376","","",""
"=""1866786080521105469""","PICTORIAL: Cabinet Secretary Hon. Aden Duale briefs the National Assembly Committee on Delegated Legislation chaired by Ainabkoi MP Hon. Samuel Chepkonga on the seven (7) regulations under EMCA and SWMA laws. https://t.co/fBF4GKRdGy","Tweet","Ministry of Environment, Climate Change & Forestry","Environment_Ke","12/11/2024, 1:04:19 PM","1","1","0","2","520","0","en","No","Twitter for Android","","https://x.com/Environment_Ke/status/1866786080521105469","photo","https://pbs.twimg.com/media/GegoB0lWAAAV9D-.jpg, https://pbs.twimg.com/media/GegoB1sXoAAHq85.jpg, https://pbs.twimg.com/media/GegoB3oXAAAJvFm.jpg, https://pbs.twimg.com/media/GegoB5FW0AAZprY.jpg",""
"=""1866773252309389586""","Environment CS Aden Duale meets World Resources Institute (WRI) officials led by Wanjira Maathai and Prof. Karanja Njoroge to discuss opportunities for expanded collaboration in the 15bn National Tree Growing Programme. https://t.co/QySIQbfsgT","Tweet","Ministry of Environment, Climate Change & Forestry","Environment_Ke","12/11/2024, 12:13:20 PM","0","1","0","3","337","0","en","No","Twitter for Android","","https://x.com/Environment_Ke/status/1866773252309389586","photo","https://pbs.twimg.com/media/GegcX93WcAAPhs3.jpg",""
"=""1869822067203596515""","LIVESTOCK VACCINATION DRIVE

CS Aden Duale defends the program

CS Duale: Pastoralists will support the vaccination program

#PrimeEdition
@RayManyara https://t.co/jLuCdpigis","Tweet","KBC Channel 1 News","KBCChannel1","12/19/2024, 10:08:15 PM","1","0","0","2","1265","0","en","No","TweetDeck Web App","#PrimeEdition","https://x.com/KBCChannel1/status/1869822067203596515","video","https://video.twimg.com/ext_tw_video/1869821063107858433/pu/vid/avc1/1280x720/r1kEwXbe_lCcUUnZ.mp4?tag=12",""
"=""1811393396969267341""","A moment to focus on Aden Duale who oversaw an illegal domestic deployment of the military, a choice that has been the starting point of many horror stories around the world.","Tweet","Nanjala Nyabola","Nanjala1","7/11/2024, 4:33:34 PM","11","712","10","912","18018","10","en","No","Twitter Web App","","https://x.com/Nanjala1/status/1811393396969267341","","",""
"=""1819315925922795753""","Aden Duale defends KDF deployment during June protests:  
"" I didn't deploy KDF, the framers of the Constitution put Article 241 3(b) and 3(c) in the Constitution. If the KDF had not assisted the other security agents, many would have died. Parliament would have burned."" https://t.co/OtWQyiRssW","Tweet","Chris Sambu","the_sambu","8/2/2024, 1:14:52 PM","0","4","0","8","3057","0","en","No","Twitter Web App","","https://x.com/the_sambu/status/1819315925922795753","photo","https://pbs.twimg.com/media/GT-B-J4WQAA5l8X.jpg",""
"=""1808578017079251408""","Update: CS Defence Aden Duale confirms  there was a shooter who shot a police officer on top of a building which is under investigation by NIS &amp; DCI.

Insinuates that the attacker wasn't a police officer while indicating terrorists could take advantage of the prevailing protests!","Tweet","Chris Sambu","the_sambu","7/3/2024, 10:06:15 PM","10","19","2","58","4891","5","en","No","Twitter for Android","","https://x.com/the_sambu/status/1808578017079251408","","",""
"=""1808124600829587857""","Excl: police officers noticed gun shots coming from the top of KCB Bank  building along Moi avenue. Allegedly shooting an officer. Recce backed by select special OP officers arrived and stormed in. No gunshots heard but in 20mins they were out.
🧵 1/3 https://t.co/XLas8lKhB1","Quoted tweet","Chris Sambu","the_sambu","7/2/2024, 4:04:32 PM","90","637","42","1949","491462","493","en","No","Twitter for Android","","https://x.com/the_sambu/status/1808124600829587857","video","https://video.twimg.com/ext_tw_video/1808124470126587904/pu/vid/avc1/1280x720/da0HnV4NziJP0jm6.mp4?tag=12",""
"=""1871279769431773679""","ENJOY, BUT BE RESPONSIBLE

Environment CS Aden Duale tells Kenyans as the festive season starts

Duale urged Kenyans to ensure they maintain law and order

#PrimeEdition
@MuchumaOdim https://t.co/MRt4Em7duq","Tweet","KBC Channel 1 News","KBCChannel1","12/23/2024, 10:40:38 PM","0","0","0","0","1198","0","en","No","TweetDeck Web App","#PrimeEdition","https://x.com/KBCChannel1/status/1871279769431773679","video","https://video.twimg.com/ext_tw_video/1871279096551866369/pu/vid/avc1/1280x720/GzO_T2DJDHTF_9Cd.mp4?tag=12",""
"=""1867118240142438549""","PICTORIAL: Cabinet Secretary Hon. Aden Duale is among dignitaries attending this year's Jamhuri Day national celebrations at Uhuru Gardens, Nairobi City County. https://t.co/ALJSduqMtv","Tweet","Ministry of Environment, Climate Change & Forestry","Environment_Ke","12/12/2024, 11:04:12 AM","0","3","0","7","2425","1","en","No","Twitter for Android","","https://x.com/Environment_Ke/status/1867118240142438549","photo","https://pbs.twimg.com/media/GelWHceXMAE6_s2.jpg, https://pbs.twimg.com/media/GelWHc6WQAE52ol.jpg, https://pbs.twimg.com/media/GelWHfSXsAAqTX9.jpg, https://pbs.twimg.com/media/GelWHhRX0AIt677.jpg",""
"=""1871084394976584014""","The team that infiltrated Parliament were people under the influence of drugs - CS Aden Duale on June anti-government protests. https://t.co/xAZaBhMBcp","Tweet","Prime Media News","primemediakenya","12/23/2024, 9:44:17 AM","5","7","0","6","251","0","en","No","Twitter Web App","","https://x.com/primemediakenya/status/1871084394976584014","photo","https://pbs.twimg.com/media/GfdtUumXkAADzNI.jpg",""
"=""1872544574477902275""","Kipchumba Murkomen, Dennis Itumbi, Oscar Sudi, Aaron Cheruiyot, Cherargei, Aden Duale &amp; Co were the very first people to quote the bible &amp; tell the whole country how Uhuru was a bad person when one was abducted. 

I'm now made to believe it these same people who were doing the","Tweet","Brian Mutiga","brian_mutiga","12/27/2024, 10:26:31 AM","2","10","0","29","7151","1","en","No","Twitter for Android","","https://x.com/brian_mutiga/status/1872544574477902275","","",""
"=""1872941551632171054""","28th Dec,2024 Cabinet adjustments: 
PCS Musalia Mudavadi &amp; Foreign CS, will handle the Information, Communication, &amp; Digital Economy
Aden Duale, CS Environment, will handle the Agriculture Ministry.
Salim Mvurya, CS Sports will also handle the Trade Ministry.
#GRNews https://t.co/IrUPBabzp8","Tweet","Ghetto Radio","GhettoRadio895","12/28/2024, 12:43:58 PM","0","1","0","5","1353","0","en","No","Twitter for Android","#GRNews","https://x.com/GhettoRadio895/status/1872941551632171054","photo","https://pbs.twimg.com/media/Gf4GanHXIAAgPPi.jpg",""
"=""1808580411066364085""","Aden Duale is just another version of William Ruto... brainless","Tweet","LANDLORD🇰🇪","bozgabi","7/3/2024, 10:15:46 PM","15","56","3","225","6790","0","en","No","Twitter for Android","","https://x.com/bozgabi/status/1808580411066364085","","",""
"=""1869088274427322846""","Karura Forest Annexation Debate:

CS Aden Duale maintains that public interest must be considered before the expansion of Kiambu Road, which eats into Karura Forest. 

#NTVTonight @zeynabIsmail @NBrygettes https://t.co/SFK4QPayVU","Tweet","NTV Kenya","ntvkenya","12/17/2024, 9:32:25 PM","1","5","2","19","8289","3","en","No","Twitter Media Studio - LiveCut","#NTVTonight","https://x.com/ntvkenya/status/1869088274427322846","video","https://video.twimg.com/amplify_video/1869087648184225792/vid/avc1/1280x720/MLxnmcXVWF7fbbWg.mp4?tag=16",""
"=""1872675874140815623""","Surah At-Takāthur | Ayah 1 - 8
 https://t.co/ecVXbrXvDD","Tweet","Hon. Aden Duale, EGH","HonAdenDuale","12/27/2024, 7:08:15 PM","10","2","0","49","8214","1","cy","No","Twitter for iPhone","","https://x.com/HonAdenDuale/status/1872675874140815623","video","https://video.twimg.com/ext_tw_video/1872615095483662336/pu/vid/avc1/640x360/6ScdnvfTvj5fvdIw.mp4?tag=12",""
"=""1873039767342109178""","Mabadiliko Ya Baraza

Musalia Mudavadi, Kaimu Waziri - Habari, Mawasiliano na Uchumi Dijitali

Aden Duale atakaimu kama Waziri wa Kilimo na Mifugo 

Salim Mvurya ni Kaimu Waziri - Uwekezaji, Biashara na Viwanda 

#NTVWikendi @FredMuitiriri https://t.co/4GLWUFrUa8","Tweet","NTV Kenya","ntvkenya","12/28/2024, 7:14:14 PM","3","1","0","15","9016","0","in","No","Twitter Media Studio - LiveCut","#NTVWikendi","https://x.com/ntvkenya/status/1873039767342109178","video","https://video.twimg.com/amplify_video/1873037817527566336/vid/avc1/1280x720/o-JAHhv77ccoVNw5.mp4?tag=16",""
"=""1866763687895142619""","Happening Now: Cabinet Secretary @Hon. Aden Duale briefs the National Assembly Committee on Delegated Legislation on the seven (7) regulations under Environmental Management and Coordination Act (EMCA) and Sustainable Waste Management Act (SWMA) currently in Parliament. https://t.co/ubZTlXF4Uz","Tweet","Ministry of Environment, Climate Change & Forestry","Environment_Ke","12/11/2024, 11:35:20 AM","3","4","0","20","692","0","en","No","Twitter for Android","","https://x.com/Environment_Ke/status/1866763687895142619","photo","https://pbs.twimg.com/media/GegTYBYXkAAY3FD.jpg, https://pbs.twimg.com/media/GegTYHgWIAAY06i.jpg, https://pbs.twimg.com/media/GegTYFZXkAAuzES.jpg, https://pbs.twimg.com/media/GegTYMUWEAADEMp.jpg",""
"=""1808852849813581887""","Chaired by H.E President @WilliamsRuto at @StateHouseKenya, Nairobi, I joined Cabinet colleagues for a Cabinet meeting. https://t.co/vcl5E7hC15","Tweet","Hon. Aden Duale, EGH","HonAdenDuale","7/4/2024, 4:18:20 PM","156","65","5","532","47872","4","en","No","Twitter Web App","","https://x.com/HonAdenDuale/status/1808852849813581887","photo","https://pbs.twimg.com/media/GRpVWE8XsAAoRGe.jpg, https://pbs.twimg.com/media/GRpVWDPaUAAUUSs.jpg, https://pbs.twimg.com/media/GRpVWDRbMAQpU_p.jpg, https://pbs.twimg.com/media/GRpVWC2XEAAsr8v.jpg",""
"=""1808842540382130471""","𝗚𝗢𝗩𝗘𝗥𝗡𝗠𝗘𝗡𝗧 𝗞𝗘𝗘𝗡 𝗢𝗡 𝗖𝗛𝗔𝗥𝗧𝗜𝗡𝗚 𝗔 𝗡𝗘𝗪 𝗙𝗨𝗧𝗨𝗥𝗘 𝗙𝗢𝗥 𝗧𝗛𝗘 𝗖𝗢𝗨𝗡𝗧𝗥𝗬 

The Cabinet met today and was briefed on the security situation in the country following days riots.

The meeting at State House Nairobi, which was chaired by President https://t.co/CSu05ODr8v","Quoted tweet","State House Kenya","StateHouseKenya","7/4/2024, 3:37:22 PM","316","85","69","570","177904","13","en","No","Twitter Web App","","https://x.com/StateHouseKenya/status/1808842540382130471","photo","https://pbs.twimg.com/media/GRpMrzebMAEpzob.jpg, https://pbs.twimg.com/media/GRpMrymXMAAR9rh.jpg, https://pbs.twimg.com/media/GRpMryjWcAEsRJc.jpg",""
"=""1861385957343191191""","CS Aden Duale commissions new vehicles during the launch of the Ksh2.8 billion Kenya Forest Service Digital Radio Network and Early Fire Video Detection system in Nairobi https://t.co/9raR1zSSNn","Tweet","Kenyans.co.ke","Kenyans","11/26/2024, 3:26:09 PM","9","30","1","551","22529","1","en","No","Twitter Web App","","https://x.com/Kenyans/status/1861385957343191191","photo","https://pbs.twimg.com/media/GdT4iHhWEAA3A_x.jpg",""
"=""1872994391092281404""","At this  rate the only CS we can take seriously  is Cesarean section!

President William Ruto - kasongo re-assigns Musalia Mudavadi, Aden Duale and Salim Mvurya as acting Cabinet Secretaries for ICT, Agriculture and Trade ministry respectively
#EndAbductionsKE
#OccupyStateHouse https://t.co/vHhSVd4jJP","Tweet","Bill Omondi","ClintoneBill","12/28/2024, 4:13:56 PM","3","13","0","34","11395","0","en","No","Twitter for Android","#EndAbductionsKE, #OccupyStateHouse","https://x.com/ClintoneBill/status/1872994391092281404","photo","https://pbs.twimg.com/media/Gf42eMmWcAA8pq7.jpg",""
"=""1863834095387554061""","Environment CS Aden Duale holds a bilateral meeting with India's Minister for Environment, Forest and Climate Change, Bhupender Yadav, discussing India's innovative Green Credit Programme, which partners with the private sector to promote environmental action and create community https://t.co/p66EyReqkK","Tweet","TheStarKenya","TheStarKenya","12/3/2024, 9:34:11 AM","3","4","0","10","2198","0","en","No","Twitter Web App","","https://x.com/TheStarKenya/status/1863834095387554061","photo","https://pbs.twimg.com/media/Gd2rIuIWwAA6FyB.jpg, https://pbs.twimg.com/media/Gd2rIuQW4AAwS51.jpg, https://pbs.twimg.com/media/Gd2rIuPWcAAogHG.jpg, https://pbs.twimg.com/media/Gd2rIuKXEAAm50V.jpg",""
"=""1872956980845003142""","President William Ruto has handed additional responsibility to CS Aden Duale.

Duale, who is the current Environment, Climate Change, and Forestry CS will take additional responsibilities as the acting CS in the Ministry of Agriculture and Livestock Development.

#starkenyanews https://t.co/U2AdPzO8C4","Tweet","TheStarKenya","TheStarKenya","12/28/2024, 1:45:16 PM","7","7","1","39","5262","1","en","No","Twitter Web App","#starkenyanews","https://x.com/TheStarKenya/status/1872956980845003142","photo","https://pbs.twimg.com/media/Gf4UcN1WUAAS8WL.jpg",""
"=""1869087161242313036""","""Don't Build In The Forest""

CS Aden Duale has ordered the suspension of two licenses given to Karura Golf Range Ltd allowing it to put up a golf range, restaurant and mini golf park in Ngong' Road Forest.

#NTVTonight https://t.co/lliu938euQ","Tweet","NTV Kenya","ntvkenya","12/17/2024, 9:27:59 PM","2","8","1","37","11130","0","en","No","Twitter Media Studio - LiveCut","#NTVTonight","https://x.com/ntvkenya/status/1869087161242313036","video","https://video.twimg.com/amplify_video/1869086742281609216/vid/avc1/1280x720/Tycju8ARA4fu4d5O.mp4?tag=16",""
"=""1815747420203938132""","Immediate former CS defence Aden Duale &amp; the Nominee to DOD CS Soipan Tuya had an encounter in May this year at Embakasi Garrison!","Tweet","Chris Sambu","the_sambu","7/23/2024, 4:54:54 PM","3","18","0","33","8392","3","en","No","Twitter for Android","","https://x.com/the_sambu/status/1815747420203938132","","",""
"=""1795769965162975521""","Every 4th Wednesday of the month Soldiers in all KDF installations as routine participate in tree growing activities. CS Defense Aden Duale lead the exercise at Embakasi Garrison with Environment CS Soipan Tuya.
KDF is specifically assigned to lead in Isiolo and Nakuru counties. https://t.co/zCDlDkZe01","Quoted tweet","Chris Sambu","the_sambu","5/29/2024, 1:51:38 PM","0","0","1","29","11330","3","en","No","Twitter Web App","","https://x.com/the_sambu/status/1795769965162975521","photo","https://pbs.twimg.com/media/GOvbQf7XwAArPfP.jpg, https://pbs.twimg.com/media/GOvbQgCXYAAYXje.jpg, https://pbs.twimg.com/media/GOvbQfzWAAA2k8J.jpg, https://pbs.twimg.com/media/GOvbQf-WYAEGc7H.jpg",""
"=""1869061287583289551""","Duale: Tutawasikiliza Wakenya 

Waziri Aden Duale asema serikali itazingatia maoni ya umma kuhusu kupanuliwa kwa barabara ya Kiambu.

Wanamazingira wanasema upanuzi huo utaathiri msitu huo wa Karura.

#NTVJioni @loftymatambo @NBrygettes https://t.co/2WOhr3l1ST","Tweet","NTV Kenya","ntvkenya","12/17/2024, 7:45:11 PM","2","4","0","16","8503","0","in","No","Twitter Media Studio - LiveCut","#NTVJioni","https://x.com/ntvkenya/status/1869061287583289551","video","https://video.twimg.com/amplify_video/1869059931615432704/vid/avc1/1280x720/8TUZawwPBQ7wng8J.mp4?tag=16",""
"=""1873000786931961961""","President William Ruto ni amurite aminister Musalia Mudavadi, Aden Duale na Salim Mvurya kurugamirira ministry iria ikoretwo iri utheri. Amurite Musalia kunyitirira ministry ya mohoro na ukinyaniria, Duale ruhonge rwa urimi nake Mvurya ministry ya wonjoria na iganda. https://t.co/0agXQ2sK6O","Tweet","InooroKe","inooroke","12/28/2024, 4:39:20 PM","0","1","0","2","596","0","in","No","Twitter Web App","","https://x.com/inooroke/status/1873000786931961961","photo","https://pbs.twimg.com/media/Gf48FofWAAAXU_0.jpg",""
"=""1870737545077670222""","Mombasa Tycoon Imran Khosla's son held a royal wedding. President Ruto, CS Aden Duale, and Government Abdulswamad were in attendance.
#imrankholsa #zakir #zakirkholsa #bnnbasic
JOIN BNN BASIC- https://t.co/gf352uzb42 https://t.co/FZa7XFV7jT","Tweet","Edgar Obare","edgarobare","12/22/2024, 10:46:02 AM","2","0","0","32","7951","3","en","No","Later Media","#imrankholsa, #zakir, #zakirkholsa, #bnnbasic","https://x.com/edgarobare/status/1870737545077670222","photo","https://pbs.twimg.com/media/GfYxv64XsAAyJ21.jpg","https://t.me/bnnkenya/62531?single"
"=""1871506390809735424""","Kongamano la Kiisilamu:
 
Maelfu ya waumini wanahudhuria kongamano Nairobi

Wahubiri wa kimataifa wanahudhuria kongamano hili

Waziri Aden Duale atoa wito wa umoja na ushirikiano 

Miongoni mwa wahubiri ni Dkt. Zakir Naik kutoka India

#SemaNaCitizen @RashidAbdalla https://t.co/5OFZqO4Zkf","Tweet","Citizen TV Kenya","citizentvkenya","12/24/2024, 1:41:09 PM","3","4","0","18","9717","2","in","No","Twitter Media Studio - LiveCut","#SemaNaCitizen","https://x.com/citizentvkenya/status/1871506390809735424","video","https://video.twimg.com/amplify_video/1871503694014939136/vid/avc1/1920x1080/p3ga0rkNTYBdVmbp.mp4?tag=16",""
"=""1854822243068424581""","""For the Record"" by Aden Duale

A captivating insight into the political world of Kenya, revealed by Aden Duale. He exposes the currency of betrayal and hypocrisy, but also the determination of those striving to empower and change lives.

https://t.co/ZDssilXFNh

KShs3,000.00 https://t.co/aHk5pVImiv","Tweet","|| The Home of Independent Authors ||","NuriaStore","11/8/2024, 12:44:18 PM","0","4","0","6","513","0","en","No","Twitter for Android","","https://x.com/NuriaStore/status/1854822243068424581","photo","https://pbs.twimg.com/media/Gb2nAAhWMAADpj2.jpg","https://nuriakenya.com/product/for-the-record-the-inside-story-of-power-politics-lawmaking-and-leadership-in-kenya-by-hon-aden-duale-paperback/"
"=""1869099544660857148""","The Special Use License LIC005/2023 earlier issued to Karura Golf Range Ltd., stands suspended in conformance to the directive by the Cabinet Secretary Ministry of Environment, Climate Change and Forestry Hon Aden Duale.","Reply","Kenya Forest Service","KeForestService","12/17/2024, 10:17:12 PM","7","23","4","79","25997","6","en","No","Twitter for Android","","https://x.com/KeForestService/status/1869099544660857148","","",""
"=""1868964390252560589""","Upanuzi Wa Barabara Kiambu

Waziri wa mazingira Aden Duale amesema hataruhusu kupanuliwa kwa barabara ya Kiambu iwapo uamuzi huo wa awali hautahusisha ushiriki wa umma.

#NTVAdhuhuri @FredMuitiriri https://t.co/gc7RF3Sjzc","Tweet","NTV Kenya","ntvkenya","12/17/2024, 1:20:08 PM","1","2","0","4","4535","0","in","No","Twitter Web App","#NTVAdhuhuri","https://x.com/ntvkenya/status/1868964390252560589","video","https://video.twimg.com/amplify_video/1868961162177490944/vid/avc1/1280x720/N7L8ssQk6g-A7APv.mp4?tag=16",""
"=""1858513829266612459""","The problem in this country is Ruto, Oscar Sudi, Farouk Kibet, Kithure Kindiki and Aden Duale.","Tweet","Lion of the Mountain","BrianMPeter","11/18/2024, 5:13:21 PM","6","7","1","38","1572","1","en","No","Twitter for Android","","https://x.com/BrianMPeter/status/1858513829266612459","","",""